review_id,source,post_date,rating,theme,theme_name,is_question,text
R0585,官方社区,2025-03-11,3,praise,正向评价,0,整体满意，小毛病有但迭代能看到在改，继续加油……
R0524,App Store,2025-05-03,2,support,客服响应慢/处理周期长,0,客观说一句，报错了找客服来回踢皮球，好几天没解决
R0463,App Store,2025-08-16,5,pricing,价格与收费争议,0,年付折扣可以，客服还帮忙申请了老客户优惠……
R0011,华为应用市场,2025-04-24,3,order_sync,订单漏单/同步延迟,0,用了大半年，漏单遇到过两次，重跑同步就好，希望能自动重试
R1004,官方社区,2025-05-29,3,logistics,物流单号同步慢/回传失败,1,物流单号一直不回传是怎么回事？要在哪里重新推送？。。。
R0961,知乎,2025-08-04,3,praise,正向评价,0,整体满意，小毛病有但迭代能看到在改，继续加油！！！
R0187,小红书,2025-06-24,3,inventory,多平台库存不同步/超卖,1,多仓调拨在途库存算哪个仓库？可用数对不上
R0164,小红书,2025-08-18,3,logistics,物流单号同步慢/回传失败,0,小卖家一枚，物流同步基本能用，就是极兔偶尔慢一点，手动刷新就好 #跨境电商
R0911,App Store,2025-08-14,,ad,广告灌水,0,货代一手价格 美国欧洲专线 联系Q群 88xxxx88
R0714,官方社区,2025-07-25,4,stability,系统卡顿/大促不稳定,0,求助，用了两年基本没宕过机，比之前换的那家强太多，大家注意避坑
R0847,小红书,2025-05-02,5,praise,正向评价,0,说实话，多店铺多平台统一管理，Lazada扩店一点不慌😭
R0102,App Store,2025-04-11,3,support,客服响应慢/处理周期长,1,工单在哪里看进度？提交了完全不知道排到哪了
R0404,App Store,2025-05-31,5,logistics,物流单号同步慢/回传失败,1,发货后虾皮后台不显示单号，有人知道怎么批量补传吗？
R0385,小红书,2025-08-14,1,logistics,物流单号同步慢/回传失败,0,老用户说句公道话，物流超时预警根本不触发，等买家投诉才知道包裹卡了
R0764,华为应用市场,2025-06-18,3,onboarding,上手成本高/引导不足,1,初始化导入商品有模板吗？字段填错了怎么批量改？
R0898,App Store,2025-04-06,,ad,广告灌水,0,代打单代发货 旺季临时外包 联系电话见简介
R0904,知乎,2025-04-28,,ad,广告灌水,0,需要代运营的加我微信 vx8xx9，资深运营一对一指导，包爆款
R0342,App Store,2025-05-22,1,order_sync,订单漏单/同步延迟,0,说实话，取消的订单不同步，仓库照发，货发了钱也退了！！！
R0577,小米应用商店,2025-07-14,5,praise,正向评价,0,多店铺多平台统一管理，亚马逊扩店一点不慌……
R0942,App Store,2025-03-18,1,logistics,物流单号同步慢/回传失败,0,说实话，ERP显示已发货，Lazada后台还是待发货，单号丢了三单，买家天天催发货
R0903,知乎,2025-05-01,,ad,广告灌水,0,货代一手价格 美国欧洲专线 联系Q群 88xxxx88
R0629,App Store,2025-06-13,1,order_sync,订单漏单/同步延迟,0,旺季实测，订单备注同步不过来，买家留言的赠品要求看不到，差评警告！！！
R0882,小红书,2025-03-08,,ad,广告灌水,0,推荐一个选品工具比这个好用多了 链接放评论区
R0198,华为应用市场,2025-05-06,1,listing,刊登与商品管理问题,0,小卖家一枚，Listing监控形同虚设，跟卖提醒一点不准 有没有同款情况的卖家
R0440,小红书,2025-07-06,1,listing,刊登与商品管理问题,0,真的服了，eBay类目对不上，刊登被退回说属性缺失，半夜还在手动补，老板已经在问我了服了
R0162,华为应用市场,2025-03-30,5,praise,正向评价,0,小卖家一枚，打单发货一条龙，仓库效率提升明显，老板说今年再加席位
R0833,小红书,2025-08-26,2,stability,系统卡顿/大促不稳定,0,老用户说句公道话，大促当天直接崩了三个小时，订单全积压
R0512,小红书,2025-03-12,1,support,客服响应慢/处理周期长,0,吐槽一下，售后工单解决一个问题平均要两天，期间订单发不出去，大促根本不敢放量
R0612,知乎,2025-08-13,4,finance,对账与财务能力弱,1,想看单个店铺的利润要在哪里筛选？
R0214,官方社区,2025-05-01,4,order_sync,订单漏单/同步延迟,1,多属性订单的规格映射在哪里配？发错颜色好几次了
R0770,小红书,2025-03-14,1,order_sync,订单漏单/同步延迟,0,订单备注同步不过来，买家留言的赠品要求看不到，差评警告！！！
R0521,App Store,2025-05-12,3,support,客服响应慢/处理周期长,0,求助，工作日白天响应快，晚上和周末基本只能留言
R0985,App Store,2025-08-08,2,logistics,物流单号同步慢/回传失败,0,用了大半年，自定义物流渠道配了一次都不生效，文档也写不清楚，仓库白忙一场
R0344,小红书,2025-05-03,5,praise,正向评价,0,求助，客户成功团队专业，季度回访还给优化建议，不像别家收钱就消失……
R0535,小红书,2025-03-10,2,pricing,价格与收费争议,0,老用户说句公道话，按席位收费太贵，客服仓库就用个打单也要全价席位，老板已经在问我了
R0078,小红书,2025-08-01,3,finance,对账与财务能力弱,0,报表够用但不灵活，想要的维度得找客服定制导出
R0625,官方社区,2025-06-21,5,stability,系统卡顿/大促不稳定,0,老用户说句公道话，Prime Day当天单量翻五倍系统也扛住了，稳定性可以 有没有同款情况的卖家服了
R0062,小米应用商店,2025-06-02,1,stability,系统卡顿/大促不稳定,0,用了大半年，页面加载慢得像拨号上网，打开库存页要等十几秒，买家天天催发货，大家注意避坑😤
R1023,知乎,2025-06-17,,ad,广告灌水,0,招跨境运营助理 朝九晚六底薪6k 地点深圳 详情看主页啊
R0036,App Store,2025-05-14,1,inventory,多平台库存不同步/超卖,0,老用户说句公道话，安全库存设了不提醒，断货两天才发现，大家注意避坑
R0867,小红书,2025-07-31,,ad,广告灌水,0,自用店铺转让 带审核 有意私聊
R0321,小红书,2025-03-16,2,stability,系统卡顿/大促不稳定,0,旺季实测，同步任务动不动失败，得手动重跑，晚上都不敢下班
R0148,官方社区,2025-03-22,1,order_sync,订单漏单/同步延迟,0,订单备注同步不过来，买家留言的赠品要求看不到，大促根本不敢放量 有没有同款情况的卖家
R0788,知乎,2025-04-29,1,stability,系统卡顿/大促不稳定,0,手机端更夸张，查个订单能闪退十几次……
R0644,小红书,2025-05-28,1,order_sync,订单漏单/同步延迟,0,老用户说句公道话，自动审单规则经常误判，正常订单被拦成异常
R0870,小红书,2025-04-05,,ad,广告灌水,0,刷单测评资源稳如狗 主页有联系方式
R0228,小红书,2025-07-28,3,logistics,物流单号同步慢/回传失败,1,回传失败的订单有列表可以批量重试吗？
R1008,小米应用商店,2025-06-16,2,logistics,物流单号同步慢/回传失败,0,物流轨迹更新延迟好几个小时，买家问货到哪了我比他还懵。。。
R0987,小红书,2025-05-27,1,logistics,物流单号同步慢/回传失败,0,老用户说句公道话，批量发货后单号回传成功率不到九成，每天都要人工核，买家天天催发货！！！
R0479,App Store,2025-04-29,5,stability,系统卡顿/大促不稳定,0,用了大半年，Prime Day当天单量翻五倍系统也扛住了，稳定性可以 #跨境电商
R0084,小米应用商店,2025-03-12,1,finance,对账与财务能力弱,0,利润报表算不准，头程运费和广告费分摊逻辑看不懂！！！
R0583,官方社区,2025-04-29,1,pricing,价格与收费争议,0,旺季实测，旺季临时加席位比平时贵一倍，趁火打劫吗
R0392,小红书,2025-06-23,3,inventory,多平台库存不同步/超卖,0,说实话，功能有但配置复杂，研究了两天才搞懂可售和可用的区别，老板已经在问我了
R0722,官方社区,2025-05-22,1,order_sync,订单漏单/同步延迟,0,黑五那几天订单堆积同步不过来，手动导单导到怀疑人生，老板已经在问我了服了
R0013,小红书,2025-04-19,5,praise,正向评价,0,用了大半年，从选品刊登到发货对账全链路打通，数据不用倒来倒去 有没有同款情况的卖家
R0186,小红书,2025-08-14,1,pricing,价格与收费争议,0,吐槽一下，报价不透明，销售一个价合同一个价，各种隐藏费用，买家天天催发货，大家注意避坑
R0449,App Store,2025-05-19,1,pricing,价格与收费争议,0,基础版好多功能要额外加钱，模块分开收费套路深，大促根本不敢放量……
R0920,官方社区,2025-08-18,,ad,广告灌水,0,自用店铺转让 带审核 有意私聊
R0130,知乎,2025-07-30,3,order_sync,订单漏单/同步延迟,1,异常订单被拦截后怎么批量处理？
R0455,小红书,2025-06-30,3,order_sync,订单漏单/同步延迟,0,老用户说句公道话，同步基本及时，个别订单要手动拉一下，整体可以接受，有用点个赞
R0923,知乎,2025-08-23,,ad,广告灌水,0,刷单测评资源稳如狗 主页有联系方式
R0055,App Store,2025-04-26,1,logistics,物流单号同步慢/回传失败,0,求助，大促期间物流回传直接排队，早上发的货下午才显示 有没有同款情况的卖家
R0763,App Store,2025-06-08,4,inventory,多平台库存不同步/超卖,1,采购在途数量怎么统计？为什么和供应商发货数对不上？
R0118,小红书,2025-07-11,2,inventory,多平台库存不同步/超卖,0,库存同步延迟太离谱，仓库出完货前台还挂着，大家注意避坑
R0232,官方社区,2025-07-10,3,onboarding,上手成本高/引导不足,0,吐槽一下，功能全但也复杂，建议找人带一下，自己摸索成本高 有没有同款情况的卖家
R0519,小红书,2025-07-10,5,praise,正向评价,0,老用户说句公道话，打单发货一条龙，仓库效率提升明显，老板说今年再加席位服了
R0341,App Store,2025-06-14,2,onboarding,上手成本高/引导不足,0,老用户说句公道话，帮助中心像产品说明书，没有实操案例看完还是不会，半夜还在手动补 有没有同款情况的卖家
R0608,知乎,2025-07-02,3,support,客服响应慢/处理周期长,0,旺季实测，客服态度还行就是专业度参差，复杂问题得等他们问技术
R0419,App Store,2025-03-22,5,praise,正向评价,0,吐槽一下，手机端查订单看数据方便，出差也能盯店铺，有用点个赞
R0654,官方社区,2025-05-05,5,support,客服响应慢/处理周期长,0,说实话，专属客户成功经理很负责，大促前主动提醒备货压测，好评，有用点个赞
R0975,小红书,2025-08-31,1,pricing,价格与收费争议,0,吐槽一下，报价不透明，销售一个价合同一个价，各种隐藏费用，买家天天催发货，大家注意避坑
R0014,知乎,2025-03-29,1,order_sync,订单漏单/同步延迟,0,旺季实测，取消的订单不同步，仓库照发，货发了钱也退了，大促根本不敢放量 有没有同款情况的卖家
R0457,官方社区,2025-05-29,3,logistics,物流单号同步慢/回传失败,1,物流单号一直不回传是怎么回事？要在哪里重新推送？
R0666,小红书,2025-08-16,1,finance,对账与财务能力弱,0,利润报表算不准，头程运费和广告费分摊逻辑看不懂，仓库白忙一场，老板已经在问我了😭
R0047,知乎,2025-07-21,5,praise,正向评价,0,免费版就够用，小卖家福音，客服回复也及时，五星，有用点个赞
R0431,小红书,2025-03-04,1,order_sync,订单漏单/同步延迟,0,取消的订单不同步，仓库照发，货发了钱也退了
R0709,小米应用商店,2025-06-05,1,pricing,价格与收费争议,0,老用户说句公道话，免费试用到期直接扣费，事先没有明显提醒，半夜还在手动补
R0450,知乎,2025-03-22,3,onboarding,上手成本高/引导不足,1,速卖通授权令牌过期了怎么重新授权？订单会漏吗？无语了
R0171,App Store,2025-03-15,5,praise,正向评价,0,打单发货一条龙，仓库效率提升明显，老板说今年再加席位，有用点个赞😭
R0869,App Store,2025-06-17,,ad,广告灌水,0,回收店铺 秒款 长期有效 vx: shopxxxx
R0917,小米应用商店,2025-05-17,,ad,广告灌水,0,货代一手价格 美国欧洲专线 联系Q群 88xxxx88
R0441,官方社区,2025-03-04,2,pricing,价格与收费争议,0,求助，旺季临时加席位比平时贵一倍，趁火打劫吗，有用点个赞
R0473,App Store,2025-03-03,3,praise,正向评价,0,整体满意，小毛病有但迭代能看到在改，继续加油
R0712,华为应用市场,2025-06-20,1,support,客服响应慢/处理周期长,0,老用户说句公道话，报错了找客服来回踢皮球，半天没解决！！！
R0876,官方社区,2025-04-09,,ad,广告灌水,0,刷单测评资源稳如狗 主页有联系方式
R0096,App Store,2025-08-23,3,inventory,多平台库存不同步/超卖,1,两个店铺共用一个仓库，库存怎么设置才能同步扣减？🤦
R1005,App Store,2025-08-24,5,praise,正向评价,0,多店铺多平台统一管理，TikTok Shop扩店一点不慌，同意楼上
R0487,官方社区,2025-07-04,5,support,客服响应慢/处理周期长,0,旺季实测，专属客户成功经理很负责，大促前主动提醒备货压测，好评
R0297,App Store,2025-08-22,4,inventory,多平台库存不同步/超卖,0,用了大半年，库存同步基本准，但大促那几分钟会延迟，建议留点缓冲，有用点个赞
R0725,华为应用市场,2025-08-10,5,logistics,物流单号同步慢/回传失败,0,云帆对接的物流渠道是真的全，燕文一键下单打单很顺……
R0448,小红书,2025-03-01,5,praise,正向评价,0,真的服了，系统稳定功能扎实，换了三家ERP最后在云帆安家 #跨境电商
R0106,官方社区,2025-08-02,1,onboarding,上手成本高/引导不足,0,上手太难了，功能入口藏得深，新运营培训一周还是懵，大家注意避坑
R0849,小米应用商店,2025-08-31,3,finance,对账与财务能力弱,1,Wish平台扣费怎么和订单逐单对账？求操作教程
R0305,知乎,2025-07-18,5,support,客服响应慢/处理周期长,0,客观说一句，技术支持凌晨还在帮我处理面单问题，确实被感动到，大家注意避坑
R0045,知乎,2025-07-26,3,praise,正向评价,0,整体满意，小毛病有但迭代能看到在改，继续加油！！！
R0791,华为应用市场,2025-03-09,2,support,客服响应慢/处理周期长,0,小卖家一枚，续费之前天天嘘寒问暖，出问题人都找不到，有用点个赞
R0767,官方社区,2025-06-14,1,pricing,价格与收费争议,0,求助，旺季临时加席位比平时贵一倍，趁火打劫吗，老板已经在问我了
R0701,小红书,2025-06-10,3,onboarding,上手成本高/引导不足,1,初始化导入商品有模板吗？字段填错了怎么批量改？
R0158,小米应用商店,2025-08-19,3,stability,系统卡顿/大促不稳定,1,同步任务失败后在哪里手动重跑？找不到入口
R0578,App Store,2025-07-19,2,order_sync,订单漏单/同步延迟,0,旺季实测，合单拆单逻辑乱，同一买家两单合了之后库存扣错，买家天天催发货 有没有同款情况的卖家
R0299,华为应用市场,2025-03-10,5,stability,系统卡顿/大促不稳定,0,老用户说句公道话，Prime Day当天单量翻五倍系统也扛住了，稳定性可以
R0836,小米应用商店,2025-07-20,2,inventory,多平台库存不同步/超卖,0,真的服了，盘点功能难用，盘完差异一大把也不知道哪笔单扣错
R0246,华为应用市场,2025-04-25,2,onboarding,上手成本高/引导不足,0,用了大半年，帮助中心像产品说明书，没有实操案例看完还是不会，光这个每月损失不少钱 #跨境电商
R0411,App Store,2025-08-13,3,inventory,多平台库存不同步/超卖,0,真的服了，库存同步基本准，但大促那几分钟会延迟，建议留点缓冲！！！
R0465,小红书,2025-05-20,1,logistics,物流单号同步慢/回传失败,0,老用户说句公道话，批量发货后单号回传成功率不到九成，每天都要人工核，买家天天催发货！！！
R0064,官方社区,2025-08-29,3,inventory,多平台库存不同步/超卖,1,盘点单审核后差异会自动调整库存吗？
R0230,官方社区,2025-07-21,1,listing,刊登与商品管理问题,0,小卖家一枚，小语种翻译机翻味太重，还得自己重新润色，退款退到麻木……
R0632,小红书,2025-04-28,1,support,客服响应慢/处理周期长,0,客观说一句，客服只会让清缓存重启，明显是bug也不承认，仓库白忙一场，有用点个赞
R0163,小红书,2025-06-03,3,inventory,多平台库存不同步/超卖,1,库存同步频率在哪里调？能不能按店铺分别设置？😤
R0213,小红书,2025-05-08,2,onboarding,上手成本高/引导不足,0,真的服了，帮助中心像产品说明书，没有实操案例看完还是不会，光这个每月损失不少钱
R0360,官方社区,2025-07-29,3,listing,刊登与商品管理问题,0,用了大半年，刊登够用但谈不上多好用，批量功能再强点就好 有没有同款情况的卖家
R0983,知乎,2025-09-04,3,support,客服响应慢/处理周期长,1,能不能加急处理？店铺因为同步问题已经停发半天了
R0792,小红书,2025-05-05,3,praise,正向评价,0,求助，整体满意，小毛病有但迭代能看到在改，继续加油……
R1018,小红书,2025-05-26,1,onboarding,上手成本高/引导不足,0,新手引导基本等于没有，全靠自己摸和问客服……吧
R0008,小米应用商店,2025-05-07,2,support,客服响应慢/处理周期长,0,说实话，报错了找客服来回踢皮球，一天没解决
R0069,华为应用市场,2025-03-02,4,praise,正向评价,0,仓库从纸单换到PDA拣货，错发率基本归零，大家注意避坑
R0653,小红书,2025-03-08,5,inventory,多平台库存不同步/超卖,1,采购在途数量怎么统计？为什么和供应商发货数对不上？
R0839,小红书,2025-07-29,5,onboarding,上手成本高/引导不足,0,老用户说句公道话，实施顾问很耐心，七天陪跑首单就跑通了，比想象顺利
R0617,知乎,2025-07-09,5,finance,对账与财务能力弱,0,吐槽一下，以前对账要三天现在半天搞定，财务再也不加班了 #跨境电商
R1011,App Store,2025-06-25,5,praise,正向评价,0,求助，打单发货一条龙，仓库效率提升明显，老板说今年再加席位…… 我也遇到了
R0969,App Store,2025-08-20,5,praise,正向评价,0,仓库从纸单换到PDA拣货，错发率基本归零
R0249,App Store,2025-04-28,4,order_sync,订单漏单/同步延迟,1,自动合单规则在哪里配置？为什么有的合了有的没合？
R0400,官方社区,2025-07-24,4,logistics,物流单号同步慢/回传失败,1,请问物流轨迹多久同步一次？为什么买家说查不到？
R0744,App Store,2025-08-04,1,inventory,多平台库存不同步/超卖,0,小卖家一枚，可售库存和可用库存两个口径把新运营绕晕了，半夜还在手动补 #跨境电商
R1006,App Store,2025-05-03,2,support,客服响应慢/处理周期长,0,客观说一句，报错了找客服来回踢皮球，好几天没解决，同意楼上
R0115,App Store,2025-07-26,5,inventory,多平台库存不同步/超卖,0,小卖家一枚，超卖预警救了我好几次，库存一到阈值自动下架，Shopee评分稳了……
R0194,官方社区,2025-08-06,5,inventory,多平台库存不同步/超卖,0,旺季实测，超卖预警救了我好几次，库存一到阈值自动下架，TikTok Shop评分稳了，老板已经在问我了
R0984,App Store,2025-05-21,3,onboarding,上手成本高/引导不足,0,客观说一句，刚用觉得乱用顺了还好，前两周劝退期挺过去就行
R0315,App Store,2025-05-15,1,finance,对账与财务能力弱,0,吐槽一下，物流费只能对总金额，单号维度对不了，差异查不到！！！
R0734,知乎,2025-07-16,1,order_sync,订单漏单/同步延迟,0,异常订单不标红不提醒，混在正常单里差点发错
R0257,知乎,2025-06-20,5,praise,正向评价,0,说实话，手机端查订单看数据方便，出差也能盯店铺
R0619,官方社区,2025-08-06,3,inventory,多平台库存不同步/超卖,1,安全库存预警的通知在哪里开？一直收不到提醒
R0153,华为应用市场,2025-08-23,1,stability,系统卡顿/大促不稳定,0,页面加载慢得像拨号上网，打开库存页要等十几秒
R0700,App Store,2025-03-05,1,order_sync,订单漏单/同步延迟,0,老用户说句公道话，虾皮订单同步漏单！月底对账发现少了十几单，细思极恐，差评警告，大家注意避坑
R0396,App Store,2025-04-18,5,praise,正向评价,0,真的服了，用了三年的老用户，功能全更新快，Temu生意做大一半靠它，真心推荐……无语了
R0994,小红书,2025-08-02,3,support,客服响应慢/处理周期长,1,客服远程协助怎么申请？需要开什么权限？
R0128,小红书,2025-07-12,5,stability,系统卡顿/大促不稳定,0,真的服了，用了两年基本没宕过机，比之前换的那家强太多，有用点个赞
R0951,App Store,2025-05-02,3,listing,刊登与商品管理问题,0,说实话，刊登够用但谈不上多好用，批量功能再强点就好！！！
R0872,小米应用商店,2025-07-08,,ad,广告灌水,0,需要代运营的加我微信 vx8xx9，资深运营一对一指导，包爆款
R0285,App Store,2025-05-17,5,logistics,物流单号同步慢/回传失败,0,批量打单加自动回传，旺季一天三千单也没出错……
R0551,小米应用商店,2025-08-01,2,onboarding,上手成本高/引导不足,0,求助，帮助中心像产品说明书，没有实操案例看完还是不会，买家天天催发货 有没有同款情况的卖家
R0835,官方社区,2025-08-06,1,order_sync,订单漏单/同步延迟,0,说实话，订单同步延迟十几小时以上，发货时效被拉垮 #跨境电商
R0255,官方社区,2025-07-04,5,praise,正向评价,0,小卖家一枚，从选品刊登到发货对账全链路打通，数据不用倒来倒去……
R0066,华为应用市场,2025-04-06,1,inventory,多平台库存不同步/超卖,0,求助，可售库存和可用库存两个口径把新运营绕晕了，退款退到麻木
R0552,小米应用商店,2025-08-02,2,pricing,价格与收费争议,0,客观说一句，旺季临时加席位比平时贵一倍，趁火打劫吗
R1016,App Store,2025-06-28,3,stability,系统卡顿/大促不稳定,0,求助，卡顿有但能接受，希望继续优化服务器。。。
R1001,App Store,2025-04-22,4,praise,正向评价,0,中规中矩不出错，跨境工具里算第一梯队 #跨境电商
R0717,官方社区,2025-07-22,3,order_sync,订单漏单/同步延迟,1,Shopee有订单系统里没同步过来，怎么手动拉取？
R0754,App Store,2025-06-21,4,listing,刊登与商品管理问题,0,真的服了，采集搬家加批量刊登效率很高，上新品速度快一倍，老板已经在问我了
R0060,小红书,2025-08-27,3,logistics,物流单号同步慢/回传失败,0,求助，单号回传有延迟但能接受，希望加个回传失败自动重试 #跨境电商
R0749,华为应用市场,2025-03-09,1,inventory,多平台库存不同步/超卖,0,虾皮活动锁库存不同步，活动结束就超卖了
R0894,官方社区,2025-04-06,,ad,广告灌水,0,自用店铺转让 带审核 有意私聊
R1024,小红书,2025-07-22,1,logistics,物流单号同步慢/回传失败,0,说实话，Temu订单换了跟踪号之后系统里不同步，轨迹直接断掉……，同意楼上
R0323,App Store,2025-04-08,1,onboarding,上手成本高/引导不足,0,吐槽一下，培训约了十几次都改期，最后只能看录播自学 有没有同款情况的卖家
R0386,官方社区,2025-03-22,3,listing,刊登与商品管理问题,0,真的服了，刊登够用但谈不上多好用，批量功能再强点就好 有没有同款情况的卖家
R0761,小红书,2025-04-23,5,praise,正向评价,0,吐槽一下，客户成功团队专业，季度回访还给优化建议，不像别家收钱就消失 有没有同款情况的卖家
R1012,知乎,2025-04-25,4,support,客服响应慢/处理周期长,1,工单在哪里看进度？提交了完全不知道排到哪了，同意楼上
R0667,知乎,2025-06-14,3,pricing,价格与收费争议,1,年付和月付差多少钱？有没有老客户续费优惠？
R0332,华为应用市场,2025-05-14,1,logistics,物流单号同步慢/回传失败,0,求助，物流轨迹更新延迟十几个小时，买家问货到哪了我比他还懵
R0641,小米应用商店,2025-07-30,4,order_sync,订单漏单/同步延迟,0,求助，同步基本及时，个别订单要手动拉一下，整体可以接受，有用点个赞
R0851,App Store,2025-08-23,,ad,广告灌水,0,ERP返现渠道找我 比官方便宜20% 懂的来
R0901,App Store,2025-08-16,,ad,广告灌水,0,招跨境运营助理 朝九晚六底薪6k 地点深圳 详情看主页
R0915,App Store,2025-04-14,,ad,广告灌水,0,ERP返现渠道找我 比官方便宜20% 懂的来
R0609,小红书,2025-05-13,4,praise,正向评价,0,整体满意，小毛病有但迭代能看到在改，继续加油，有用点个赞
R0422,App Store,2025-03-11,1,finance,对账与财务能力弱,0,客观说一句，物流费只能对总金额，单号维度对不了，差异查不到，老板已经在问我了
R0223,小红书,2025-07-22,2,inventory,多平台库存不同步/超卖,0,小卖家一枚，多平台库存根本不同步，Wish卖超了系统里还有货 有没有同款情况的卖家
R0797,小米应用商店,2025-07-06,1,inventory,多平台库存不同步/超卖,0,用了大半年，多平台库存根本不同步，Temu卖超了系统里还有货，平台扣分扣到肉疼
R0660,小红书,2025-03-10,3,support,客服响应慢/处理周期长,0,真的服了，客服态度还行就是专业度参差，复杂问题得等他们问技术
R0885,小红书,2025-07-05,,ad,广告灌水,0,ERP返现渠道找我 比官方便宜20% 懂的来
R0225,小米应用商店,2025-04-14,1,order_sync,订单漏单/同步延迟,0,吐槽一下，Temu多属性订单同步过来规格全乱，发错颜色一次，大家注意避坑
R0436,华为应用市场,2025-07-29,1,inventory,多平台库存不同步/超卖,0,旺季实测，TikTok和虾皮共用一个仓库库存，两边对不上只能手动分
R0438,华为应用市场,2025-03-26,5,finance,对账与财务能力弱,0,客观说一句，以前对账要三天现在半天搞定，财务再也不加班了
R1015,知乎,2025-04-09,,ad,广告灌水,0,推荐一个选品工具比这个好用多了 链接放评论区吧
R0580,官方社区,2025-06-20,3,pricing,价格与收费争议,0,客观说一句，价格中等，主要看旺季能不能撑住，撑住就值
R0005,小红书,2025-08-01,4,inventory,多平台库存不同步/超卖,1,多仓调拨在途库存算哪个仓库？可用数对不上
R0127,小红书,2025-05-31,5,praise,正向评价,0,用了大半年，从选品刊登到发货对账全链路打通，数据不用倒来倒去 #跨境电商
R0293,App Store,2025-06-30,3,inventory,多平台库存不同步/超卖,1,为什么系统库存和实际盘点对不上？应该从哪里排查？
R0664,官方社区,2025-05-15,1,inventory,多平台库存不同步/超卖,0,客观说一句，虾皮活动锁库存不同步，活动结束就超卖了！！！😤
R0574,小红书,2025-05-23,5,stability,系统卡顿/大促不稳定,1,同步任务失败后在哪里手动重跑？找不到入口
R0546,App Store,2025-06-27,1,logistics,物流单号同步慢/回传失败,0,旺季实测，自定义物流渠道配了两次都不生效，文档也写不清楚，有用点个赞
R0334,App Store,2025-06-04,3,inventory,多平台库存不同步/超卖,1,盘点单审核后差异会自动调整库存吗？
R0437,App Store,2025-04-08,3,stability,系统卡顿/大促不稳定,1,订单页一直转圈加载不出来是什么原因？清缓存也没用
R0652,官方社区,2025-05-12,5,praise,正向评价,0,系统稳定功能扎实，换了三家ERP最后在云帆安家😤
R0549,App Store,2025-05-19,5,support,客服响应慢/处理周期长,0,专属客户成功经理很负责，大促前主动提醒备货压测，好评
R0996,知乎,2025-07-31,1,order_sync,订单漏单/同步延迟,0,异常订单不标红不提醒，混在正常单里差点发错
R0446,官方社区,2025-03-01,3,order_sync,订单漏单/同步延迟,0,漏单遇到过两次，重跑同步就好，希望能自动重试，大家注意避坑
R0735,知乎,2025-03-11,5,inventory,多平台库存不同步/超卖,1,为什么系统库存和实际盘点对不上？应该从哪里排查？
R0083,知乎,2025-07-19,1,onboarding,上手成本高/引导不足,0,小卖家一枚，培训约了半次都改期，最后只能看录播自学
R0023,小红书,2025-05-10,1,logistics,物流单号同步慢/回传失败,0,旺季实测，ERP显示已发货，亚马逊后台还是待发货，单号丢了半单！！！
R0614,小红书,2025-03-28,3,logistics,物流单号同步慢/回传失败,1,请问物流轨迹多久同步一次？为什么买家说查不到？
R0248,小米应用商店,2025-03-14,5,praise,正向评价,0,老用户说句公道话，手机端查订单看数据方便，出差也能盯店铺 #跨境电商
R0790,官方社区,2025-08-23,1,pricing,价格与收费争议,0,求助，年费比去年贵了将近三成，功能还是那些功能，退款退到麻木……
R0221,App Store,2025-06-16,5,onboarding,上手成本高/引导不足,0,说实话，实施顾问很耐心，七天陪跑首单就跑通了，比想象顺利……
R0413,App Store,2025-04-01,5,praise,正向评价,0,旺季实测，手机端查订单看数据方便，出差也能盯店铺！！！
R0041,App Store,2025-08-26,5,inventory,多平台库存不同步/超卖,0,求助，多平台多仓统一管库存之后，再没出现超卖纠纷……
R0773,小红书,2025-03-30,4,logistics,物流单号同步慢/回传失败,0,物流同步基本能用，就是邮政小包偶尔慢一点，手动刷新就好 有没有同款情况的卖家
R0684,华为应用市场,2025-05-28,5,logistics,物流单号同步慢/回传失败,0,批量打单加自动回传，旺季一天三千单也没出错，有用点个赞
R0941,小红书,2025-08-03,5,praise,正向评价,0,小卖家一枚，仓库从纸单换到PDA拣货，错发率基本归零
R0073,App Store,2025-04-13,4,inventory,多平台库存不同步/超卖,0,用了大半年，超卖预警救了我好几次，库存一到阈值自动下架，亚马逊评分稳了
R0189,小红书,2025-06-02,5,pricing,价格与收费争议,0,客观说一句，算下来比雇两个录入的人便宜多了，ROI还是划算的，老板已经在问我了
R0367,小米应用商店,2025-08-26,2,pricing,价格与收费争议,0,旺季实测，免费试用到期直接扣费，事先没有明显提醒，仓库白忙一场，大家注意避坑
R0039,App Store,2025-07-24,2,order_sync,订单漏单/同步延迟,0,客观说一句，自动审单规则经常误判，正常订单被拦成异常，差评警告 #跨境电商
R0618,官方社区,2025-03-23,2,order_sync,订单漏单/同步延迟,0,小卖家一枚，黑五那几天订单堆积同步不过来，手动导单导到怀疑人生🤦
R0167,华为应用市场,2025-08-25,2,finance,对账与财务能力弱,0,真的服了，物流费只能对总金额，单号维度对不了，差异查不到 有没有同款情况的卖家
R0944,华为应用市场,2025-08-12,5,onboarding,上手成本高/引导不足,1,SKU和平台商品怎么映射？导入模板怎么填？
R0087,官方社区,2025-03-11,3,order_sync,订单漏单/同步延迟,1,买家取消的订单为什么仓库还能看到？怎么拦截？
R0798,App Store,2025-07-27,1,finance,对账与财务能力弱,0,小卖家一枚，对账功能太弱，速卖通扣费明细对不上，最后还是得做Excel，差评警告，有用点个赞
R0371,华为应用市场,2025-03-23,4,praise,正向评价,0,求助，客户成功团队专业，季度回访还给优化建议，不像别家收钱就消失……
R0325,App Store,2025-05-03,2,order_sync,订单漏单/同步延迟,0,旺季实测，订单同步延迟三小时以上，发货时效被拉垮，仓库白忙一场……
R0250,小米应用商店,2025-08-03,4,praise,正向评价,0,中规中矩不出错，跨境工具里算第一梯队
R0057,小红书,2025-07-19,5,praise,正向评价,0,小卖家一枚，仓库从纸单换到PDA拣货，错发率基本归零
R0853,知乎,2025-04-09,,ad,广告灌水,0,推荐一个选品工具比这个好用多了 链接放评论区
R1028,小红书,2025-04-28,1,support,客服响应慢/处理周期长,0,客观说一句，客服只会让清缓存重启，明显是bug也不承认，仓库白忙一场，有用点个赞 我也遇到了
R0274,小红书,2025-08-11,5,order_sync,订单漏单/同步延迟,1,订单备注和买家留言能同步到拣货单上吗？
R0815,小红书,2025-06-15,5,praise,正向评价,0,求助，用了三年的老用户，功能全更新快，eBay生意做大一半靠它，真心推荐，大家注意避坑
R0710,App Store,2025-06-25,4,praise,正向评价,0,用了大半年，系统稳定功能扎实，换了三家ERP最后在云帆安家，老板已经在问我了😭
R0765,官方社区,2025-05-05,1,logistics,物流单号同步慢/回传失败,0,客观说一句，批量发货后单号回传成功率不到九成，每天都要人工核，老板已经在问我了
R0589,App Store,2025-07-14,3,logistics,物流单号同步慢/回传失败,0,小卖家一枚，物流轨迹比物流商官网慢两个小时，凑合吧
R0012,小米应用商店,2025-08-22,2,order_sync,订单漏单/同步延迟,0,真的服了，合单拆单逻辑乱，同一买家两单合了之后库存扣错，差评警告
R0743,小红书,2025-04-29,4,order_sync,订单漏单/同步延迟,0,客观说一句，漏单遇到过两次，重跑同步就好，希望能自动重试
R0379,小米应用商店,2025-08-01,5,praise,正向评价,0,用了大半年，打单发货一条龙，仓库效率提升明显，老板说今年再加席位 #跨境电商
R0752,App Store,2025-08-28,5,pricing,价格与收费争议,0,老用户说句公道话，年付折扣可以，客服还帮忙申请了老客户优惠
R0676,小红书,2025-06-16,5,praise,正向评价,0,旺季实测，自动化规则省了一个运营人力，光这个年费就回本，大家注意避坑
R0774,知乎,2025-05-23,5,praise,正向评价,0,从选品刊登到发货对账全链路打通，数据不用倒来倒去
R0621,知乎,2025-06-29,1,stability,系统卡顿/大促不稳定,0,导出报表经常超时，数据量一大就报错……
R0528,小米应用商店,2025-08-10,3,order_sync,订单漏单/同步延迟,1,为什么有的订单显示同步失败？失败的单在哪里看？
R0777,App Store,2025-08-01,4,praise,正向评价,0,用了大半年，客户成功团队专业，季度回访还给优化建议，不像别家收钱就消失 有没有同款情况的卖家
R0916,小红书,2025-04-29,,ad,广告灌水,0,回收店铺 秒款 长期有效 vx: shopxxxx
R0053,官方社区,2025-04-24,5,praise,正向评价,0,老用户说句公道话，免费版就够用，小卖家福音，客服回复也及时，五星
R0757,官方社区,2025-04-18,1,stability,系统卡顿/大促不稳定,0,导出报表经常超时，数据量一大就报错，有用点个赞
R0180,App Store,2025-05-08,5,inventory,多平台库存不同步/超卖,0,多平台多仓统一管库存之后，再没出现超卖纠纷 有没有同款情况的卖家
R0165,App Store,2025-06-25,5,praise,正向评价,0,求助，打单发货一条龙，仓库效率提升明显，老板说今年再加席位……
R0184,官方社区,2025-05-08,5,praise,正向评价,0,求助，仓库从纸单换到PDA拣货，错发率基本归零！！！
R0678,官方社区,2025-03-16,5,inventory,多平台库存不同步/超卖,0,真的服了，多平台多仓统一管库存之后，再没出现超卖纠纷，有用点个赞
R0424,App Store,2025-03-23,5,praise,正向评价,0,小卖家一枚，多店铺多平台统一管理，Lazada扩店一点不慌……
R0561,官方社区,2025-05-19,3,onboarding,上手成本高/引导不足,1,亚马逊授权令牌过期了怎么重新授权？订单会漏吗？
R0125,官方社区,2025-06-28,4,finance,对账与财务能力弱,0,以前对账要三天现在半天搞定，财务再也不加班了 #跨境电商😤
R0933,小红书,2025-08-29,,ad,广告灌水,0,回收店铺 秒款 长期有效 vx: shopxxxx
R0146,App Store,2025-04-18,4,support,客服响应慢/处理周期长,1,客服远程协助怎么申请？需要开什么权限？
R0058,小米应用商店,2025-06-22,2,stability,系统卡顿/大促不稳定,0,吐槽一下，页面加载慢得像拨号上网，打开库存页要等十几秒
R0527,华为应用市场,2025-07-22,4,order_sync,订单漏单/同步延迟,0,老用户说句公道话，漏单遇到过两次，重跑同步就好，希望能自动重试！！！
R1041,小红书,2025-03-10,2,pricing,价格与收费争议,0,老用户说句公道话，按席位收费太贵，客服仓库就用个打单也要全价席位，老板已经在问我了。。。
R0361,华为应用市场,2025-07-29,5,onboarding,上手成本高/引导不足,1,SKU和平台商品怎么映射？导入模板怎么填？
R0485,App Store,2025-06-29,4,stability,系统卡顿/大促不稳定,0,小卖家一枚，卡顿有但能接受，希望继续优化服务器！！！
R0175,小米应用商店,2025-05-03,4,onboarding,上手成本高/引导不足,0,客观说一句，实施顾问很耐心，七天陪跑首单就跑通了，比想象顺利无语了
R0888,官方社区,2025-06-11,,ad,广告灌水,0,有没有拉我进卖家交流群的 在线等 挺急的
R0026,官方社区,2025-08-26,5,praise,正向评价,0,旺季实测，客户成功团队专业，季度回访还给优化建议，不像别家收钱就消失，有用点个赞
R0141,知乎,2025-08-23,3,pricing,价格与收费争议,0,客观说一句，功能确实多但用不上的也打包收费，希望模块化自选，老板已经在问我了
R0720,小红书,2025-03-31,5,praise,正向评价,0,客观说一句，客户成功团队专业，季度回访还给优化建议，不像别家收钱就消失，大家注意避坑
R0943,App Store,2025-07-02,3,inventory,多平台库存不同步/超卖,1,为什么系统库存和实际盘点对不上？应该从哪里排查？
R0025,小红书,2025-08-18,5,praise,正向评价,0,说实话，用了三年的老用户，功能全更新快，虾皮生意做大一半靠它，真心推荐……
R0475,小米应用商店,2025-05-21,3,stability,系统卡顿/大促不稳定,1,升级之后频繁闪退是什么情况？要回退版本吗？
R0263,小红书,2025-03-18,3,support,客服响应慢/处理周期长,0,老用户说句公道话，客服态度还行就是专业度参差，复杂问题得等他们问技术……
R0540,知乎,2025-07-25,2,pricing,价格与收费争议,0,求助，按席位收费太贵，客服仓库就用个打单也要全价席位，大促根本不敢放量
R0482,小红书,2025-08-25,4,inventory,多平台库存不同步/超卖,0,用了大半年，超卖预警救了我好几次，库存一到阈值自动下架，Wish评分稳了 #跨境电商
R0766,华为应用市场,2025-06-06,4,praise,正向评价,0,老用户说句公道话，手机端查订单看数据方便，出差也能盯店铺，大家注意避坑
R0567,官方社区,2025-04-30,5,stability,系统卡顿/大促不稳定,0,用了大半年，用了两年基本没宕过机，比之前换的那家强太多，大家注意避坑
R0035,App Store,2025-04-04,2,pricing,价格与收费争议,0,老用户说句公道话，报价不透明，销售一个价合同一个价，各种隐藏费用
R0432,华为应用市场,2025-03-07,5,praise,正向评价,0,求助，免费版就够用，小卖家福音，客服回复也及时，五星 #跨境电商
R0639,小红书,2025-07-28,3,order_sync,订单漏单/同步延迟,1,为什么有的订单显示同步失败？失败的单在哪里看？
R0172,小米应用商店,2025-08-18,2,onboarding,上手成本高/引导不足,0,老用户说句公道话，第一步店铺授权就卡住，操作指引和实际页面对不上
R0291,App Store,2025-08-21,1,order_sync,订单漏单/同步延迟,0,求助，黑五那几天订单堆积同步不过来，手动导单导到怀疑人生，仓库白忙一场
R0611,官方社区,2025-07-20,2,stability,系统卡顿/大促不稳定,0,真的服了，大促当天直接崩了两个小时，订单全积压，大促根本不敢放量 有没有同款情况的卖家
R0090,知乎,2025-04-28,1,order_sync,订单漏单/同步延迟,0,用了大半年，异常订单不标红不提醒，混在正常单里差点发错……
R0409,华为应用市场,2025-03-31,3,logistics,物流单号同步慢/回传失败,0,物流轨迹比物流商官网慢三个小时，凑合吧
R0421,知乎,2025-04-27,4,praise,正向评价,0,吐槽一下，多店铺多平台统一管理，亚马逊扩店一点不慌
R0076,小红书,2025-07-25,1,stability,系统卡顿/大促不稳定,0,批量操作必卡死，一次审五百单要加载十分钟，平台扣分扣到肉疼
R0775,官方社区,2025-07-21,1,pricing,价格与收费争议,0,老用户说句公道话，旺季临时加席位比平时贵一倍，趁火打劫吗！！！
R0590,小红书,2025-08-01,5,logistics,物流单号同步慢/回传失败,0,老用户说句公道话，批量打单加自动回传，旺季一天三千单也没出错
R0973,知乎,2025-04-03,1,order_sync,订单漏单/同步延迟,0,旺季实测，取消的订单不同步，仓库照发，货发了钱也退了，大促根本不敢放量 有没有同款情况的卖家
R0597,知乎,2025-07-26,4,onboarding,上手成本高/引导不足,0,老用户说句公道话，刚用觉得乱用顺了还好，前两周劝退期挺过去就行，老板已经在问我了
R0837,官方社区,2025-06-21,5,inventory,多平台库存不同步/超卖,1,盘点单审核后差异会自动调整库存吗？
R0866,App Store,2025-08-09,,ad,广告灌水,0,货代一手价格 美国欧洲专线 联系Q群 88xxxx88
R0812,App Store,2025-05-31,1,pricing,价格与收费争议,0,老用户说句公道话，基础版好多功能要额外加钱，模块分开收费套路深，半夜还在手动补，大家注意避坑
R0912,App Store,2025-08-15,,ad,广告灌水,0,代打单代发货 旺季临时外包 联系电话见简介
R0501,App Store,2025-04-13,5,pricing,价格与收费争议,0,年付折扣可以，客服还帮忙申请了老客户优惠，大家注意避坑
R0871,App Store,2025-08-15,,ad,广告灌水,0,自用店铺转让 带审核 有意私聊
R0177,小红书,2025-05-25,4,stability,系统卡顿/大促不稳定,0,客观说一句，卡顿有但能接受，希望继续优化服务器，有用点个赞
R0433,App Store,2025-03-12,5,stability,系统卡顿/大促不稳定,0,用了两年基本没宕过机，比之前换的那家强太多，大家注意避坑
R0731,App Store,2025-07-06,3,logistics,物流单号同步慢/回传失败,0,求助，单号回传有延迟但能接受，希望加个回传失败自动重试，有用点个赞
R0322,知乎,2025-06-13,5,praise,正向评价,0,求助，用了三年的老用户，功能全更新快，TikTok Shop生意做大一半靠它，真心推荐
R0909,官方社区,2025-06-17,,ad,广告灌水,0,货代一手价格 美国欧洲专线 联系Q群 88xxxx88
R0986,App Store,2025-07-10,5,praise,正向评价,0,吐槽一下，用了三年的老用户，功能全更新快，亚马逊生意做大一半靠它，真心推荐，老板已经在问我了
R0277,App Store,2025-08-30,5,onboarding,上手成本高/引导不足,0,用了大半年，每周直播培训加实操任务，新人第三天就能独立打单
R0824,小红书,2025-03-23,4,praise,正向评价,0,小卖家一枚，自动化规则省了一个运营人力，光这个年费就回本 #跨境电商
R0374,App Store,2025-08-27,3,pricing,价格与收费争议,0,说实话，功能确实多但用不上的也打包收费，希望模块化自选
R0861,小米应用商店,2025-07-04,,ad,广告灌水,0,招跨境运营助理 朝九晚六底薪6k 地点深圳 详情看主页
R1033,小红书,2025-07-28,3,logistics,物流单号同步慢/回传失败,1,回传失败的订单有列表可以批量重试吗？ 我也遇到了
R0471,官方社区,2025-07-31,2,finance,对账与财务能力弱,0,求助，财务模块学习成本高，会计研究一周说不如手工表，买家天天催发货
R0514,小红书,2025-04-05,5,logistics,物流单号同步慢/回传失败,0,批量打单加自动回传，旺季一天三千单也没出错
R0119,App Store,2025-07-23,2,pricing,价格与收费争议,0,年费比去年贵了将近三成，功能还是那些功能，大促根本不敢放量无语了
R0428,知乎,2025-05-12,2,stability,系统卡顿/大促不稳定,0,旺季实测，大促当天直接崩了几十个小时，订单全积压
R0318,小米应用商店,2025-03-18,1,onboarding,上手成本高/引导不足,0,上手太难了，功能入口藏得深，新运营培训一周还是懵，光这个每月损失不少钱……
R0082,App Store,2025-08-26,4,order_sync,订单漏单/同步延迟,1,异常订单被拦截后怎么批量处理？
R0488,官方社区,2025-07-23,3,logistics,物流单号同步慢/回传失败,0,用了大半年，物流轨迹比物流商官网慢半个小时，凑合吧，老板已经在问我了
R0628,知乎,2025-04-29,3,praise,正向评价,0,中规中矩不出错，跨境工具里算第一梯队
R0481,App Store,2025-07-29,5,stability,系统卡顿/大促不稳定,0,用了大半年，Prime Day当天单量翻五倍系统也扛住了，稳定性可以
R0200,官方社区,2025-06-29,3,order_sync,订单漏单/同步延迟,1,为什么有的订单显示同步失败？失败的单在哪里看？😭
R0366,App Store,2025-08-07,2,stability,系统卡顿/大促不稳定,0,说实话，大促当天直接崩了好几个小时，订单全积压，买家天天催发货
R0828,小米应用商店,2025-05-27,1,logistics,物流单号同步慢/回传失败,0,小卖家一枚，物流单号同步慢死了，CNE揽收三天了平台还没回传，平台扣分扣到肉疼……
R0571,小米应用商店,2025-08-13,2,logistics,物流单号同步慢/回传失败,0,老用户说句公道话，eBay订单换了跟踪号之后系统里不同步，轨迹直接断掉，差评警告，老板已经在问我了
R0311,App Store,2025-06-16,2,finance,对账与财务能力弱,0,物流费只能对总金额，单号维度对不了，差异查不到 #跨境电商
R0370,App Store,2025-03-11,4,stability,系统卡顿/大促不稳定,0,Prime Day当天单量翻五倍系统也扛住了，稳定性可以，有用点个赞😭
R0822,App Store,2025-04-03,5,inventory,多平台库存不同步/超卖,0,真的服了，多平台多仓统一管库存之后，再没出现超卖纠纷
R0692,App Store,2025-03-26,5,inventory,多平台库存不同步/超卖,0,旺季实测，超卖预警救了我好几次，库存一到阈值自动下架，亚马逊评分稳了！！！
R0169,小红书,2025-04-23,1,order_sync,订单漏单/同步延迟,0,小卖家一枚，合单拆单逻辑乱，同一买家两单合了之后库存扣错，大家注意避坑
R0963,小红书,2025-04-01,2,stability,系统卡顿/大促不稳定,0,旺季实测，同步任务动不动失败，得手动重跑，晚上都不敢下班
R0472,App Store,2025-08-14,3,praise,正向评价,0,整体满意，小毛病有但迭代能看到在改，继续加油
R0780,华为应用市场,2025-03-30,5,praise,正向评价,0,老用户说句公道话，客户成功团队专业，季度回访还给优化建议，不像别家收钱就消失 #跨境电商
R0781,官方社区,2025-05-26,1,logistics,物流单号同步慢/回传失败,0,说实话，批量发货后单号回传成功率不到九成，每天都要人工核，退款退到麻木
R0279,华为应用市场,2025-08-16,5,logistics,物流单号同步慢/回传失败,0,老用户说句公道话，批量打单加自动回传，旺季一天三千单也没出错
R1035,华为应用市场,2025-07-18,5,listing,刊登与商品管理问题,0,说实话，采集搬家加批量刊登效率很高，上新品速度快一倍……吧
R0016,华为应用市场,2025-08-26,1,logistics,物流单号同步慢/回传失败,0,用了大半年，面单打出来了单号没同步到虾皮后台，订单状态一直卡着，差评警告 #跨境电商
R0443,App Store,2025-07-01,3,stability,系统卡顿/大促不稳定,1,页面提示服务器繁忙错误码503要等多久？
R0253,App Store,2025-08-22,3,order_sync,订单漏单/同步延迟,0,小卖家一枚，漏单遇到过两次，重跑同步就好，希望能自动重试，老板已经在问我了
R0962,App Store,2025-07-07,3,support,客服响应慢/处理周期长,0,小卖家一枚，工作日白天响应快，晚上和周末基本只能留言
R0602,App Store,2025-08-20,4,logistics,物流单号同步慢/回传失败,1,请问物流轨迹多久同步一次？为什么买家说查不到？
R0098,官方社区,2025-04-15,5,praise,正向评价,0,真的服了，客户成功团队专业，季度回访还给优化建议，不像别家收钱就消失
R0459,小红书,2025-05-21,1,order_sync,订单漏单/同步延迟,0,求助，合单拆单逻辑乱，同一买家两单合了之后库存扣错，半夜还在手动补，大家注意避坑
R0295,App Store,2025-03-20,3,praise,正向评价,0,吐槽一下，中规中矩不出错，跨境工具里算第一梯队……
R0702,小红书,2025-05-14,2,inventory,多平台库存不同步/超卖,0,吐槽一下，TikTok和Temu共用一个仓库库存，两边对不上只能手动分，大家注意避坑
R0452,官方社区,2025-08-11,2,order_sync,订单漏单/同步延迟,0,真的服了，黑五那几天订单堆积同步不过来，手动导单导到怀疑人生……
R0576,华为应用市场,2025-08-16,3,logistics,物流单号同步慢/回传失败,1,跟踪号换单号了要在哪个页面更新？
R0935,App Store,2025-05-09,,ad,广告灌水,0,需要代运营的加我微信 vx8xx9，资深运营一对一指导，包爆款
R0390,官方社区,2025-05-17,5,support,客服响应慢/处理周期长,0,客观说一句，技术支持凌晨还在帮我处理面单问题，确实被感动到……
R0094,小红书,2025-08-13,5,praise,正向评价,0,客观说一句，手机端查订单看数据方便，出差也能盯店铺
R0462,小红书,2025-08-21,1,logistics,物流单号同步慢/回传失败,0,吐槽一下，发货了轨迹不更新，问就是物流商接口问题，买家天天催发货无语了
R0553,官方社区,2025-03-07,3,pricing,价格与收费争议,0,旺季实测，功能确实多但用不上的也打包收费，希望模块化自选
R0718,官方社区,2025-03-01,5,praise,正向评价,0,吐槽一下，客户成功团队专业，季度回访还给优化建议，不像别家收钱就消失😤
R1013,官方社区,2025-08-22,5,support,客服响应慢/处理周期长,1,能不能加急处理？店铺因为同步问题已经停发半天了。。。
R0893,官方社区,2025-03-27,,ad,广告灌水,0,需要代运营的加我微信 vx8xx9，资深运营一对一指导，包爆款
R0634,小米应用商店,2025-05-22,4,logistics,物流单号同步慢/回传失败,1,发货后Temu后台不显示单号，有人知道怎么批量补传吗？
R0992,小红书,2025-07-15,2,logistics,物流单号同步慢/回传失败,0,旺季实测，亚马逊订单换了跟踪号之后系统里不同步，轨迹直接断掉，仓库白忙一场
R0852,官方社区,2025-04-18,,ad,广告灌水,0,需要代运营的加我微信 vx8xx9，资深运营一对一指导，包爆款
R0019,App Store,2025-07-13,5,support,客服响应慢/处理周期长,0,技术支持凌晨还在帮我处理面单问题，确实被感动到
R0599,知乎,2025-06-03,3,praise,正向评价,0,真的服了，整体满意，小毛病有但迭代能看到在改，继续加油，有用点个赞
R0328,华为应用市场,2025-06-07,5,praise,正向评价,0,小卖家一枚，手机端查订单看数据方便，出差也能盯店铺
R0425,App Store,2025-03-21,3,stability,系统卡顿/大促不稳定,1,同步任务失败后在哪里手动重跑？找不到入口
R0616,App Store,2025-03-23,2,stability,系统卡顿/大促不稳定,0,吐槽一下，页面加载慢得像拨号上网，打开库存页要等十几秒，仓库白忙一场
R0596,App Store,2025-07-05,3,support,客服响应慢/处理周期长,0,小卖家一枚，工作日白天响应快，晚上和周末基本只能留言
R0133,小米应用商店,2025-04-04,1,order_sync,订单漏单/同步延迟,0,黑五那几天订单堆积同步不过来，手动导单导到怀疑人生，大促根本不敢放量 有没有同款情况的卖家
R0260,官方社区,2025-07-21,3,onboarding,上手成本高/引导不足,1,新员工培训课程在哪里报名？有录播可以回看吗？
R0284,App Store,2025-04-06,4,praise,正向评价,0,中规中矩不出错，跨境工具里算第一梯队 #跨境电商
R0219,小米应用商店,2025-03-16,3,praise,正向评价,0,中规中矩不出错，跨境工具里算第一梯队，老板已经在问我了
R0906,官方社区,2025-05-20,,ad,广告灌水,0,招跨境运营助理 朝九晚六底薪6k 地点深圳 详情看主页
R0808,App Store,2025-06-04,5,praise,正向评价,0,客观说一句，免费版就够用，小卖家福音，客服回复也及时，五星，老板已经在问我了
R0275,官方社区,2025-05-28,2,support,客服响应慢/处理周期长,0,吐槽一下，客服响应是真的慢，工单提交一天没人理，退款退到麻木
R0143,华为应用市场,2025-03-26,1,inventory,多平台库存不同步/超卖,0,旺季实测，eBay活动锁库存不同步，活动结束就超卖了 有没有同款情况的卖家
R0492,官方社区,2025-08-22,5,support,客服响应慢/处理周期长,1,能不能加急处理？店铺因为同步问题已经停发半天了
R1017,知乎,2025-08-11,2,stability,系统卡顿/大促不稳定,0,真的服了，批量操作必卡死，一次审五百单要加载十分钟 #跨境电商 我也遇到了
R0474,App Store,2025-06-01,5,support,客服响应慢/处理周期长,0,小卖家一枚，技术支持凌晨还在帮我处理面单问题，确实被感动到 #跨境电商
R0751,App Store,2025-07-11,1,listing,刊登与商品管理问题,0,客观说一句，Listing监控形同虚设，跟卖提醒一点不准 有没有同款情况的卖家
R0668,App Store,2025-04-18,1,onboarding,上手成本高/引导不足,0,求助，培训约了半次都改期，最后只能看录播自学
R0121,App Store,2025-03-03,1,order_sync,订单漏单/同步延迟,0,老用户说句公道话，异常订单不标红不提醒，混在正常单里差点发错，大家注意避坑
R0881,华为应用市场,2025-05-03,,ad,广告灌水,0,自用店铺转让 带审核 有意私聊
R0854,华为应用市场,2025-07-28,,ad,广告灌水,0,需要代运营的加我微信 vx8xx9，资深运营一对一指导，包爆款
R0142,华为应用市场,2025-06-24,1,listing,刊登与商品管理问题,0,老用户说句公道话，多平台铺货不能一键转，每个平台都要重新编辑……
R0895,华为应用市场,2025-06-27,,ad,广告灌水,0,招跨境运营助理 朝九晚六底薪6k 地点深圳 详情看主页
R0579,小红书,2025-07-29,1,logistics,物流单号同步慢/回传失败,0,发货了轨迹不更新，问就是物流商接口问题，有用点个赞
R0925,小红书,2025-04-29,,ad,广告灌水,0,需要代运营的加我微信 vx8xx9，资深运营一对一指导，包爆款
R0661,小米应用商店,2025-07-17,1,support,客服响应慢/处理周期长,0,求助，客服只会让清缓存重启，明显是bug也不承认 #跨境电商
R0262,官方社区,2025-05-05,2,logistics,物流单号同步慢/回传失败,0,换极兔之后单号经常回传失败，要手动一个个补，退款退到麻木 有没有同款情况的卖家😭
R0406,华为应用市场,2025-08-19,2,stability,系统卡顿/大促不稳定,0,小卖家一枚，大促当天直接崩了一个小时，订单全积压
R0690,华为应用市场,2025-06-28,5,inventory,多平台库存不同步/超卖,0,超卖预警救了我好几次，库存一到阈值自动下架，速卖通评分稳了……
R0145,App Store,2025-04-16,1,onboarding,上手成本高/引导不足,0,第一步店铺授权就卡住，操作指引和实际页面对不上，光这个每月损失不少钱，大家注意避坑
R0878,华为应用市场,2025-07-16,,ad,广告灌水,0,刷单测评资源稳如狗 主页有联系方式
R0312,小米应用商店,2025-04-28,1,finance,对账与财务能力弱,0,用了大半年，财务模块学习成本高，会计研究一周说不如手工表，光这个每月损失不少钱，老板已经在问我了
R0995,App Store,2025-03-17,1,support,客服响应慢/处理周期长,0,用了大半年，客服只会让清缓存重启，明显是bug也不承认
R0624,华为应用市场,2025-07-04,5,praise,正向评价,0,老用户说句公道话，手机端查订单看数据方便，出差也能盯店铺 #跨境电商
R0946,小米应用商店,2025-04-30,5,praise,正向评价,0,免费版就够用，小卖家福音，客服回复也及时，五星 有没有同款情况的卖家
R0953,小红书,2025-09-10,2,finance,对账与财务能力弱,0,小卖家一枚，多店铺成本混在一起，想算单店利润得自己拼数据，差评警告，大家注意避坑
R0793,App Store,2025-07-15,3,onboarding,上手成本高/引导不足,0,刚用觉得乱用顺了还好，前两周劝退期挺过去就行
R0496,华为应用市场,2025-04-26,1,order_sync,订单漏单/同步延迟,0,吐槽一下，订单备注同步不过来，买家留言的赠品要求看不到，平台扣分扣到肉疼 #跨境电商
R0873,App Store,2025-07-31,,ad,广告灌水,0,有没有拉我进卖家交流群的 在线等 挺急的
R0570,官方社区,2025-07-25,4,order_sync,订单漏单/同步延迟,0,旺季实测，自动审单规则真香，八成订单不用人工碰 有没有同款情况的卖家
R0637,小米应用商店,2025-06-28,5,praise,正向评价,0,手机端查订单看数据方便，出差也能盯店铺 有没有同款情况的卖家
R0952,知乎,2025-04-21,1,stability,系统卡顿/大促不稳定,0,导出报表经常超时，数据量一大就报错，差评警告
R0197,官方社区,2025-03-20,3,praise,正向评价,0,真的服了，整体满意，小毛病有但迭代能看到在改，继续加油 #跨境电商
R0838,知乎,2025-03-20,1,logistics,物流单号同步慢/回传失败,0,小卖家一枚，批量发货后单号回传成功率不到九成，每天都要人工核，有用点个赞
R0593,App Store,2025-03-18,1,finance,对账与财务能力弱,0,求助，利润报表算不准，头程运费和广告费分摊逻辑看不懂，半夜还在手动补
R0210,App Store,2025-04-15,1,pricing,价格与收费争议,0,真的服了，报价不透明，销售一个价合同一个价，各种隐藏费用，半夜还在手动补 有没有同款情况的卖家服了
R0168,知乎,2025-07-09,2,inventory,多平台库存不同步/超卖,0,用了大半年，库存同步延迟太离谱，仓库出完货前台还挂着，半夜还在手动补 #跨境电商
R0445,官方社区,2025-07-19,1,logistics,物流单号同步慢/回传失败,0,吐槽一下，换CNE之后单号经常回传失败，要手动一个个补，仓库白忙一场
R0918,小米应用商店,2025-04-27,,ad,广告灌水,0,刷单测评资源稳如狗 主页有联系方式
R0022,知乎,2025-07-01,1,order_sync,订单漏单/同步延迟,0,求助，异常订单不标红不提醒，混在正常单里差点发错，有用点个赞
R0059,知乎,2025-08-05,3,support,客服响应慢/处理周期长,1,客服远程协助怎么申请？需要开什么权限？
R0116,App Store,2025-04-11,2,pricing,价格与收费争议,0,免费试用到期直接扣费，事先没有明显提醒，大家注意避坑🤦
R0550,App Store,2025-05-24,3,finance,对账与财务能力弱,0,真的服了，对账能处理大部分，长尾差异单还得人工，省了七八成时间，有用点个赞
R0091,华为应用市场,2025-08-08,5,support,客服响应慢/处理周期长,1,请问人工客服几点下班？晚上发的工单第二天会处理吗？
R0136,App Store,2025-06-03,3,inventory,多平台库存不同步/超卖,1,安全库存预警的通知在哪里开？一直收不到提醒
R0430,App Store,2025-04-12,3,listing,刊登与商品管理问题,0,说实话，刊登够用但谈不上多好用，批量功能再强点就好！！！
R0088,小红书,2025-04-28,4,praise,正向评价,0,小卖家一枚，仓库从纸单换到PDA拣货，错发率基本归零……
R0586,App Store,2025-04-02,3,support,客服响应慢/处理周期长,0,客观说一句，工作日白天响应快，晚上和周末基本只能留言 #跨境电商
R0891,App Store,2025-07-21,,ad,广告灌水,0,货代一手价格 美国欧洲专线 联系Q群 88xxxx88
R0466,App Store,2025-06-23,2,inventory,多平台库存不同步/超卖,0,真的服了，TikTok和eBay共用一个仓库库存，两边对不上只能手动分
R0948,官方社区,2025-05-04,3,finance,对账与财务能力弱,1,虾皮平台扣费怎么和订单逐单对账？求操作教程
R0451,小米应用商店,2025-03-23,3,inventory,多平台库存不同步/超卖,0,老用户说句公道话，功能有但配置复杂，研究了两天才搞懂可售和可用的区别
R0327,小红书,2025-03-25,3,logistics,物流单号同步慢/回传失败,0,说实话，单号回传有延迟但能接受，希望加个回传失败自动重试，有用点个赞
R0368,官方社区,2025-05-09,3,finance,对账与财务能力弱,0,吐槽一下，报表够用但不灵活，想要的维度得找客服定制导出 #跨境电商
R0363,小红书,2025-07-28,1,logistics,物流单号同步慢/回传失败,0,发货了轨迹不更新，问就是物流商接口问题，平台扣分扣到肉疼！！！
R0453,小米应用商店,2025-04-05,2,listing,刊登与商品管理问题,0,亚马逊类目对不上，刊登被退回说属性缺失……
R0352,知乎,2025-06-14,2,inventory,多平台库存不同步/超卖,0,多平台库存根本不同步，TikTok Shop卖超了系统里还有货，老板已经在问我了
R0533,官方社区,2025-04-21,3,order_sync,订单漏单/同步延迟,1,自动审单规则的优先级怎么排？两条规则冲突怎么办？
R0687,App Store,2025-08-04,4,inventory,多平台库存不同步/超卖,0,客观说一句，多平台多仓统一管库存之后，再没出现超卖纠纷
R0447,小红书,2025-05-07,1,stability,系统卡顿/大促不稳定,0,真的服了，页面加载慢得像拨号上网，打开库存页要等十几秒
R0747,小米应用商店,2025-03-19,2,pricing,价格与收费争议,0,用了大半年，按席位收费太贵，客服仓库就用个打单也要全价席位，大促根本不敢放量
R0138,官方社区,2025-05-22,2,pricing,价格与收费争议,0,客观说一句，基础版好多功能要额外加钱，模块分开收费套路深，有用点个赞
R0345,知乎,2025-05-05,4,listing,刊登与商品管理问题,1,怎么把Temu的listing一键搬到另一个店铺？
R0029,华为应用市场,2025-03-19,1,logistics,物流单号同步慢/回传失败,0,老用户说句公道话，面单打出来了单号没同步到Lazada后台，订单状态一直卡着，半夜还在手动补，大家注意避坑
R0483,小米应用商店,2025-05-27,5,praise,正向评价,0,吐槽一下，客户成功团队专业，季度回访还给优化建议，不像别家收钱就消失！！！
R0525,小米应用商店,2025-07-08,1,support,客服响应慢/处理周期长,0,说实话，续费之前天天嘘寒问暖，出问题人都找不到！！！
R1021,知乎,2025-08-21,2,stability,系统卡顿/大促不稳定,0,更新之后bug更多，筛选器失灵数字错位，越更新越难用，有用点个赞 我也遇到了
R0913,知乎,2025-08-17,,ad,广告灌水,0,代打单代发货 旺季临时外包 联系电话见简介
R0691,小红书,2025-08-29,5,praise,正向评价,0,老用户说句公道话，用了三年的老用户，功能全更新快，Shopee生意做大一半靠它，真心推荐！！！
R0993,小红书,2025-03-15,3,support,客服响应慢/处理周期长,0,真的服了，客服态度还行就是专业度参差，复杂问题得等他们问技术
R0415,知乎,2025-06-06,4,praise,正向评价,0,用了大半年，免费版就够用，小卖家福音，客服回复也及时，五星！！！
R0389,小红书,2025-05-28,3,stability,系统卡顿/大促不稳定,1,同步任务失败后在哪里手动重跑？找不到入口
R0914,App Store,2025-03-04,,ad,广告灌水,0,货代一手价格 美国欧洲专线 联系Q群 88xxxx88
R0470,官方社区,2025-08-15,3,logistics,物流单号同步慢/回传失败,0,物流轨迹比物流商官网慢两个小时，凑合吧 有没有同款情况的卖家🤦
R0007,App Store,2025-07-31,3,praise,正向评价,0,老用户说句公道话，整体满意，小毛病有但迭代能看到在改，继续加油，大家注意避坑
R0503,官方社区,2025-04-11,3,inventory,多平台库存不同步/超卖,0,功能有但配置复杂，研究了两天才搞懂可售和可用的区别 有没有同款情况的卖家
R0795,知乎,2025-07-22,5,praise,正向评价,0,吐槽一下，自动化规则省了一个运营人力，光这个年费就回本，有用点个赞
R0068,小红书,2025-07-18,3,inventory,多平台库存不同步/超卖,1,组合商品库存扣减规则有人讲一下吗？套装总是负库存
R0905,华为应用市场,2025-04-16,,ad,广告灌水,0,货代一手价格 美国欧洲专线 联系Q群 88xxxx88
R0122,知乎,2025-08-18,3,praise,正向评价,0,用了大半年，中规中矩不出错，跨境工具里算第一梯队……
R0079,小红书,2025-08-04,3,order_sync,订单漏单/同步延迟,1,买家取消的订单为什么仓库还能看到？怎么拦截？
R0161,官方社区,2025-03-16,3,logistics,物流单号同步慢/回传失败,0,求助，物流同步基本能用，就是燕文偶尔慢一点，手动刷新就好……
R0688,小红书,2025-08-15,2,inventory,多平台库存不同步/超卖,0,求助，TikTok和Lazada共用一个仓库库存，两边对不上只能手动分，差评警告
R0954,App Store,2025-04-26,4,inventory,多平台库存不同步/超卖,0,用了大半年，超卖预警救了我好几次，库存一到阈值自动下架，亚马逊评分稳了
R0746,华为应用市场,2025-07-07,2,pricing,价格与收费争议,0,旺季实测，基础版好多功能要额外加钱，模块分开收费套路深，有用点个赞
R0651,官方社区,2025-06-09,2,listing,刊登与商品管理问题,0,老用户说句公道话，多平台铺货不能一键转，每个平台都要重新编辑，光这个每月损失不少钱……
R0559,App Store,2025-06-05,3,inventory,多平台库存不同步/超卖,1,组合商品库存扣减规则有人讲一下吗？套装总是负库存
R0532,小米应用商店,2025-06-13,4,logistics,物流单号同步慢/回传失败,1,跟踪号换单号了要在哪个页面更新？
R0140,华为应用市场,2025-05-13,1,finance,对账与财务能力弱,0,小卖家一枚，月结账单导出来格式乱七八糟，还要二次整理，大促根本不敢放量，大家注意避坑
R0819,App Store,2025-05-09,2,finance,对账与财务能力弱,0,旺季实测，物流费只能对总金额，单号维度对不了，差异查不到
R0247,App Store,2025-04-12,1,logistics,物流单号同步慢/回传失败,0,求助，自定义物流渠道配了好几次都不生效，文档也写不清楚
R0478,小红书,2025-08-20,4,praise,正向评价,0,吐槽一下，自动化规则省了一个运营人力，光这个年费就回本
R0020,App Store,2025-06-28,3,stability,系统卡顿/大促不稳定,0,求助，卡顿有但能接受，希望继续优化服务器
R0889,官方社区,2025-04-04,,ad,广告灌水,0,有没有拉我进卖家交流群的 在线等 挺急的
R0292,官方社区,2025-05-01,2,logistics,物流单号同步慢/回传失败,0,旺季实测，Temu订单换了跟踪号之后系统里不同步，轨迹直接断掉！！！无语了
R0229,知乎,2025-07-29,5,praise,正向评价,0,吐槽一下，从选品刊登到发货对账全链路打通，数据不用倒来倒去 #跨境电商
R0100,App Store,2025-08-10,3,pricing,价格与收费争议,0,吐槽一下，价格中等，主要看旺季能不能撑住，撑住就值，有用点个赞
R0104,华为应用市场,2025-04-05,2,onboarding,上手成本高/引导不足,0,上手太难了，功能入口藏得深，新运营培训一周还是懵……
R0337,App Store,2025-07-04,2,stability,系统卡顿/大促不稳定,0,系统三天两头卡顿，订单工作台转圈半天才打开，大家注意避坑
R0626,App Store,2025-04-23,5,praise,正向评价,0,自动化规则省了一个运营人力，光这个年费就回本！！！
R0841,华为应用市场,2025-06-29,1,pricing,价格与收费争议,0,老用户说句公道话，按席位收费太贵，客服仓库就用个打单也要全价席位，买家天天催发货
R0677,App Store,2025-03-14,3,order_sync,订单漏单/同步延迟,0,真的服了，漏单遇到过两次，重跑同步就好，希望能自动重试！！！
R0278,小红书,2025-08-05,3,pricing,价格与收费争议,0,功能确实多但用不上的也打包收费，希望模块化自选
R0051,App Store,2025-07-07,3,order_sync,订单漏单/同步延迟,0,同步基本及时，个别订单要手动拉一下，整体可以接受
R0745,小红书,2025-08-11,4,inventory,多平台库存不同步/超卖,0,超卖预警救了我好几次，库存一到阈值自动下架，Shopee评分稳了 有没有同款情况的卖家
R0719,App Store,2025-06-13,5,logistics,物流单号同步慢/回传失败,0,真的服了，云帆对接的物流渠道是真的全，极兔一键下单打单很顺
R0075,华为应用市场,2025-04-16,4,logistics,物流单号同步慢/回传失败,0,小卖家一枚，单号回传有延迟但能接受，希望加个回传失败自动重试，大家注意避坑
R0338,小红书,2025-05-26,1,onboarding,上手成本高/引导不足,0,新手引导基本等于没有，全靠自己摸和问客服……
R0388,App Store,2025-05-31,3,finance,对账与财务能力弱,0,真的服了，对账能处理大部分，长尾差异单还得人工，省了七八成时间 有没有同款情况的卖家
R1034,知乎,2025-08-11,2,stability,系统卡顿/大促不稳定,0,真的服了，批量操作必卡死，一次审五百单要加载十分钟 #跨境电商啊
R0772,官方社区,2025-03-03,2,inventory,多平台库存不同步/超卖,0,求助，多平台库存根本不同步，速卖通卖超了系统里还有货，老板已经在问我了
R0739,华为应用市场,2025-05-07,4,inventory,多平台库存不同步/超卖,1,库存同步频率在哪里调？能不能按店铺分别设置？
R0498,知乎,2025-07-06,5,inventory,多平台库存不同步/超卖,0,多平台多仓统一管库存之后，再没出现超卖纠纷！！！😭
R0980,App Store,2025-03-13,1,support,客服响应慢/处理周期长,0,用了大半年，客服只会让清缓存重启，明显是bug也不承认
R0907,App Store,2025-07-14,,ad,广告灌水,0,ERP返现渠道找我 比官方便宜20% 懂的来
R0414,华为应用市场,2025-07-13,5,listing,刊登与商品管理问题,0,吐槽一下，采集搬家加批量刊登效率很高，上新品速度快一倍！！！
R0375,App Store,2025-07-24,5,order_sync,订单漏单/同步延迟,0,旺季实测，全平台订单一个工作台处理，不用来回切后台，效率翻倍 #跨境电商
R0464,小红书,2025-03-12,5,praise,正向评价,0,真的服了，多店铺多平台统一管理，TikTok Shop扩店一点不慌……
R0736,小红书,2025-05-07,1,stability,系统卡顿/大促不稳定,0,客观说一句，闪退频繁，打单打到一半闪退，面单号都浪费了，平台扣分扣到肉疼 #跨境电商
R0864,App Store,2025-04-25,,ad,广告灌水,0,招跨境运营助理 朝九晚六底薪6k 地点深圳 详情看主页
R0435,App Store,2025-08-24,5,praise,正向评价,0,多店铺多平台统一管理，TikTok Shop扩店一点不慌
R0880,小红书,2025-04-16,,ad,广告灌水,0,货代一手价格 美国欧洲专线 联系Q群 88xxxx88
R0806,小米应用商店,2025-08-02,4,praise,正向评价,0,真的服了，仓库从纸单换到PDA拣货，错发率基本归零，有用点个赞
R0155,App Store,2025-08-10,1,onboarding,上手成本高/引导不足,0,真的服了，培训约了三次都改期，最后只能看录播自学 有没有同款情况的卖家
R0615,官方社区,2025-05-16,3,inventory,多平台库存不同步/超卖,0,旺季实测，功能有但配置复杂，研究了两天才搞懂可售和可用的区别……
R0966,App Store,2025-04-25,3,support,客服响应慢/处理周期长,1,工单在哪里看进度？提交了完全不知道排到哪了
R0517,小红书,2025-07-04,1,order_sync,订单漏单/同步延迟,0,小卖家一枚，异常订单不标红不提醒，混在正常单里差点发错 有没有同款情况的卖家
R0890,App Store,2025-05-06,,ad,广告灌水,0,推荐一个选品工具比这个好用多了 链接放评论区
R0063,小米应用商店,2025-05-02,4,listing,刊登与商品管理问题,0,刊登够用但谈不上多好用，批量功能再强点就好
R0351,小红书,2025-05-05,1,listing,刊登与商品管理问题,0,吐槽一下，Lazada类目对不上，刊登被退回说属性缺失，大家注意避坑
R0252,官方社区,2025-08-12,2,logistics,物流单号同步慢/回传失败,0,真的服了，Wish订单换了跟踪号之后系统里不同步，轨迹直接断掉，平台扣分扣到肉疼，老板已经在问我了服了
R0105,华为应用市场,2025-08-11,5,praise,正向评价,0,小卖家一枚，免费版就够用，小卖家福音，客服回复也及时，五星，老板已经在问我了
R0326,App Store,2025-07-12,1,order_sync,订单漏单/同步延迟,0,求助，订单备注同步不过来，买家留言的赠品要求看不到，差评警告 #跨境电商
R0642,官方社区,2025-07-29,3,praise,正向评价,0,求助，中规中矩不出错，跨境工具里算第一梯队
R0028,App Store,2025-08-03,2,logistics,物流单号同步慢/回传失败,0,求助，大促期间物流回传直接排队，早上发的货下午才显示
R0538,知乎,2025-04-16,1,stability,系统卡顿/大促不稳定,0,导出报表经常超时，数据量一大就报错，差评警告
R0510,App Store,2025-04-15,1,inventory,多平台库存不同步/超卖,0,旺季实测，盘点功能难用，盘完差异一大把也不知道哪笔单扣错
R0965,小红书,2025-08-19,2,support,客服响应慢/处理周期长,0,老用户说句公道话，售后工单解决一个问题平均要两天，期间订单发不出去……
R0930,小红书,2025-06-22,,ad,广告灌水,0,推荐一个选品工具比这个好用多了 链接放评论区
R0454,官方社区,2025-06-10,4,finance,对账与财务能力弱,0,客观说一句，报表够用但不灵活，想要的维度得找客服定制导出！！！
R0235,App Store,2025-03-09,4,listing,刊登与商品管理问题,0,真的服了，采集搬家加批量刊登效率很高，上新品速度快一倍 有没有同款情况的卖家
R0680,小红书,2025-08-22,1,inventory,多平台库存不同步/超卖,0,小卖家一枚，安全库存设了不提醒，断货两天才发现，大家注意避坑
R0977,华为应用市场,2025-06-09,5,inventory,多平台库存不同步/超卖,1,采购在途数量怎么统计？为什么和供应商发货数对不上？
R0203,小米应用商店,2025-04-11,1,stability,系统卡顿/大促不稳定,0,说实话，闪退频繁，打单打到一半闪退，面单号都浪费了，大家注意避坑
R0548,官方社区,2025-07-17,5,logistics,物流单号同步慢/回传失败,0,求助，批量打单加自动回传，旺季一天三千单也没出错，大家注意避坑
R0789,知乎,2025-06-04,5,praise,正向评价,0,说实话，多店铺多平台统一管理，TikTok Shop扩店一点不慌 #跨境电商
R0693,知乎,2025-07-24,2,logistics,物流单号同步慢/回传失败,0,说实话，换邮政小包之后单号经常回传失败，要手动一个个补
R0052,小红书,2025-03-31,1,finance,对账与财务能力弱,0,吐槽一下，物流费只能对总金额，单号维度对不了，差异查不到，半夜还在手动补，老板已经在问我了
R0784,小红书,2025-08-26,1,support,客服响应慢/处理周期长,0,群里@技术支持经常石沉大海，还得私聊CSM催 有没有同款情况的卖家
R0154,知乎,2025-05-03,5,praise,正向评价,0,小卖家一枚，手机端查订单看数据方便，出差也能盯店铺，大家注意避坑
R0782,知乎,2025-05-03,2,inventory,多平台库存不同步/超卖,0,吐槽一下，FBA仓和自营仓库存分开看，每次都要自己加总，大家注意避坑🤦
R0703,小红书,2025-08-27,2,onboarding,上手成本高/引导不足,0,吐槽一下，开通几十周了订单都没跑通，也没人主动跟进……
R0329,华为应用市场,2025-08-11,3,logistics,物流单号同步慢/回传失败,0,客观说一句，物流同步基本能用，就是4PX偶尔慢一点，手动刷新就好，老板已经在问我了
R0340,华为应用市场,2025-04-11,3,inventory,多平台库存不同步/超卖,0,小卖家一枚，功能有但配置复杂，研究了两天才搞懂可售和可用的区别，大家注意避坑
R0408,华为应用市场,2025-04-02,5,praise,正向评价,0,用了三年的老用户，功能全更新快，TikTok Shop生意做大一半靠它，真心推荐……
R0595,官方社区,2025-04-14,2,inventory,多平台库存不同步/超卖,0,用了大半年，多平台库存根本不同步，TikTok Shop卖超了系统里还有货，有用点个赞
R0656,知乎,2025-06-14,3,pricing,价格与收费争议,0,功能确实多但用不上的也打包收费，希望模块化自选，老板已经在问我了
R0242,知乎,2025-04-28,3,listing,刊登与商品管理问题,0,说实话，小语种翻译质量一般，还得自己润色 #跨境电商
R0182,小米应用商店,2025-08-13,1,support,客服响应慢/处理周期长,0,求助，报错了找客服来回踢皮球，十几天没解决，平台扣分扣到肉疼
R0695,华为应用市场,2025-03-03,4,support,客服响应慢/处理周期长,1,客服远程协助怎么申请？需要开什么权限？
R0526,App Store,2025-03-11,3,pricing,价格与收费争议,0,功能确实多但用不上的也打包收费，希望模块化自选，有用点个赞
R0964,官方社区,2025-05-17,3,praise,正向评价,0,真的服了，中规中矩不出错，跨境工具里算第一梯队 有没有同款情况的卖家
R0638,App Store,2025-04-01,1,pricing,价格与收费争议,0,求助，旺季临时加席位比平时贵一倍，趁火打劫吗，退款退到麻木……
R0801,小红书,2025-04-13,5,logistics,物流单号同步慢/回传失败,0,旺季实测，批量打单加自动回传，旺季一天三千单也没出错😭
R0268,小米应用商店,2025-08-23,1,inventory,多平台库存不同步/超卖,0,用了大半年，多平台库存根本不同步，虾皮卖超了系统里还有货，半夜还在手动补，大家注意避坑
R1030,App Store,2025-08-13,3,inventory,多平台库存不同步/超卖,0,真的服了，库存同步基本准，但大促那几分钟会延迟，建议留点缓冲！！！ 我也遇到了
R0001,官方社区,2025-05-29,5,logistics,物流单号同步慢/回传失败,0,云帆对接的物流渠道是真的全，CNE一键下单打单很顺！！！😤
R0958,知乎,2025-06-01,5,praise,正向评价,0,从选品刊登到发货对账全链路打通，数据不用倒来倒去
R0813,官方社区,2025-07-15,1,order_sync,订单漏单/同步延迟,0,小卖家一枚，亚马逊多属性订单同步过来规格全乱，发错颜色十几次，老板已经在问我了
R0157,小米应用商店,2025-07-16,3,order_sync,订单漏单/同步延迟,0,同步基本及时，个别订单要手动拉一下，整体可以接受 有没有同款情况的卖家
R1022,App Store,2025-07-16,4,inventory,多平台库存不同步/超卖,0,用了大半年，超卖预警救了我好几次，库存一到阈值自动下架，Lazada评分稳了……啊
R0296,官方社区,2025-06-01,5,stability,系统卡顿/大促不稳定,0,求助，Prime Day当天单量翻五倍系统也扛住了，稳定性可以，老板已经在问我了
R0303,小米应用商店,2025-05-01,3,stability,系统卡顿/大促不稳定,1,导出几万行报表总是超时，有分批导出的办法吗？
R0715,App Store,2025-05-28,1,finance,对账与财务能力弱,0,小卖家一枚，物流费只能对总金额，单号维度对不了，差异查不到，平台扣分扣到肉疼
R0662,小米应用商店,2025-03-06,4,stability,系统卡顿/大促不稳定,0,真的服了，用了两年基本没宕过机，比之前换的那家强太多无语了
R0768,小红书,2025-07-26,2,pricing,价格与收费争议,0,用了大半年，按席位收费太贵，客服仓库就用个打单也要全价席位，平台扣分扣到肉疼 有没有同款情况的卖家
R0258,小红书,2025-07-21,1,inventory,多平台库存不同步/超卖,0,安全库存设了不提醒，断货半天才发现 有没有同款情况的卖家
R0509,小米应用商店,2025-08-30,3,onboarding,上手成本高/引导不足,0,刚用觉得乱用顺了还好，前两周劝退期挺过去就行……
R0224,知乎,2025-08-22,3,finance,对账与财务能力弱,1,利润报表的广告费从哪取数？为什么和手动算的有差？
R0733,官方社区,2025-07-08,2,order_sync,订单漏单/同步延迟,0,黑五那几天订单堆积同步不过来，手动导单导到怀疑人生，半夜还在手动补，大家注意避坑无语了
R0796,小米应用商店,2025-05-13,4,support,客服响应慢/处理周期长,0,用了大半年，客服态度还行就是专业度参差，复杂问题得等他们问技术
R0592,App Store,2025-05-07,3,onboarding,上手成本高/引导不足,0,客观说一句，刚用觉得乱用顺了还好，前两周劝退期挺过去就行
R0316,知乎,2025-06-01,3,pricing,价格与收费争议,0,吐槽一下，功能确实多但用不上的也打包收费，希望模块化自选 有没有同款情况的卖家
R0270,知乎,2025-06-19,1,listing,刊登与商品管理问题,0,小语种翻译机翻味太重，还得自己重新润色，仓库白忙一场，大家注意避坑
R0330,小红书,2025-05-18,2,stability,系统卡顿/大促不稳定,0,真的服了，闪退频繁，打单打到一半闪退，面单号都浪费了，平台扣分扣到肉疼 #跨境电商
R0844,华为应用市场,2025-07-26,5,pricing,价格与收费争议,0,年付折扣可以，客服还帮忙申请了老客户优惠，老板已经在问我了
R0530,官方社区,2025-03-01,5,praise,正向评价,0,用了大半年，客户成功团队专业，季度回访还给优化建议，不像别家收钱就消失，大家注意避坑
R0346,小红书,2025-06-10,2,order_sync,订单漏单/同步延迟,0,说实话，合单拆单逻辑乱，同一买家两单合了之后库存扣错……
R0630,知乎,2025-05-15,5,logistics,物流单号同步慢/回传失败,1,物流单号一直不回传是怎么回事？要在哪里重新推送？
R0645,小红书,2025-03-09,4,pricing,价格与收费争议,1,席位可以按月增减吗？旺季想临时加几个
R0647,知乎,2025-08-11,2,stability,系统卡顿/大促不稳定,0,真的服了，批量操作必卡死，一次审五百单要加载十分钟 #跨境电商
R0042,App Store,2025-07-19,2,onboarding,上手成本高/引导不足,0,用了大半年，上手太难了，功能入口藏得深，新运营培训一周还是懵，差评警告
R0681,官方社区,2025-07-16,5,finance,对账与财务能力弱,1,多店铺共用一个支付账户能分开核算利润吗？
R0523,知乎,2025-07-20,1,stability,系统卡顿/大促不稳定,0,客观说一句，导出报表经常超时，数据量一大就报错，半夜还在手动补！！！
R0759,知乎,2025-05-09,1,listing,刊登与商品管理问题,0,老用户说句公道话，小语种翻译机翻味太重，还得自己重新润色！！！
R0264,App Store,2025-06-23,1,listing,刊登与商品管理问题,0,真的服了，eBay类目对不上，刊登被退回说属性缺失……
R0117,官方社区,2025-05-06,5,inventory,多平台库存不同步/超卖,0,超卖预警救了我好几次，库存一到阈值自动下架，虾皮评分稳了
R0159,知乎,2025-08-13,2,logistics,物流单号同步慢/回传失败,0,物流轨迹更新延迟一个小时，买家问货到哪了我比他还懵服了
R0603,小米应用商店,2025-05-23,2,stability,系统卡顿/大促不稳定,0,同步任务动不动失败，得手动重跑，晚上都不敢下班服了
R0095,知乎,2025-07-26,1,logistics,物流单号同步慢/回传失败,0,用了大半年，ERP显示已发货，Shopee后台还是待发货，单号丢了十几单，买家天天催发货，老板已经在问我了
R0883,小红书,2025-05-27,,ad,广告灌水,0,刷单测评资源稳如狗 主页有联系方式
R0129,官方社区,2025-05-19,4,order_sync,订单漏单/同步延迟,0,真的服了，全平台订单一个工作台处理，不用来回切后台，效率翻倍！！！
R0968,App Store,2025-07-15,1,logistics,物流单号同步慢/回传失败,0,客观说一句，换极兔之后单号经常回传失败，要手动一个个补，退款退到麻木
R0170,小红书,2025-03-27,2,pricing,价格与收费争议,0,用了大半年，年费比去年贵了将近三成，功能还是那些功能，买家天天催发货！！！
R1025,App Store,2025-05-19,5,logistics,物流单号同步慢/回传失败,0,用了大半年，云帆对接的物流渠道是真的全，云途一键下单打单很顺……。。。
R1039,App Store,2025-04-28,1,logistics,物流单号同步慢/回传失败,0,小卖家一枚，换4PX之后单号经常回传失败，要手动一个个补，平台扣分扣到肉疼，老板已经在问我了。。。
R0886,小红书,2025-07-16,,ad,广告灌水,0,有没有拉我进卖家交流群的 在线等 挺急的
R0092,小红书,2025-04-29,3,onboarding,上手成本高/引导不足,0,真的服了，刚用觉得乱用顺了还好，前两周劝退期挺过去就行
R0030,华为应用市场,2025-04-08,1,finance,对账与财务能力弱,0,老用户说句公道话，对账功能太弱，TikTok Shop扣费明细对不上，最后还是得做Excel，大促根本不敢放量，有用点个赞
R0711,华为应用市场,2025-05-09,3,listing,刊登与商品管理问题,0,求助，小语种翻译质量一般，还得自己润色
R0216,知乎,2025-08-22,5,onboarding,上手成本高/引导不足,1,Shopee授权令牌过期了怎么重新授权？订单会漏吗？
R0669,知乎,2025-05-19,4,inventory,多平台库存不同步/超卖,0,小卖家一枚，功能有但配置复杂，研究了两天才搞懂可售和可用的区别，大家注意避坑
R0111,华为应用市场,2025-05-19,1,finance,对账与财务能力弱,0,月结账单导出来格式乱七八糟，还要二次整理，仓库白忙一场，大家注意避坑🤦
R0108,App Store,2025-04-17,2,support,客服响应慢/处理周期长,0,客观说一句，承诺的回电等了半天没人联系我，有用点个赞
R0350,小米应用商店,2025-05-09,5,onboarding,上手成本高/引导不足,0,小卖家一枚，实施顾问很耐心，七天陪跑首单就跑通了，比想象顺利
R0542,官方社区,2025-07-12,1,inventory,多平台库存不同步/超卖,0,说实话，安全库存设了不提醒，断货三天才发现
R0380,官方社区,2025-06-19,2,inventory,多平台库存不同步/超卖,0,采购在途数量经常算错，备货多备了一倍资金全压货上 #跨境电商
R0110,App Store,2025-08-21,2,stability,系统卡顿/大促不稳定,0,客观说一句，手机端更夸张，查个订单能闪退十几次，买家天天催发货！！！
R0544,华为应用市场,2025-06-27,4,onboarding,上手成本高/引导不足,0,功能全但也复杂，建议找人带一下，自己摸索成本高
R0631,官方社区,2025-04-23,1,finance,对账与财务能力弱,0,旺季实测，退款和赔付没有单独核算，利润总是差一截 有没有同款情况的卖家
R0927,华为应用市场,2025-04-29,,ad,广告灌水,0,ERP返现渠道找我 比官方便宜20% 懂的来
R0349,App Store,2025-06-02,2,onboarding,上手成本高/引导不足,0,求助，帮助中心像产品说明书，没有实操案例看完还是不会
R0282,App Store,2025-07-22,3,praise,正向评价,0,用了大半年，整体满意，小毛病有但迭代能看到在改，继续加油，老板已经在问我了无语了
R1014,华为应用市场,2025-03-19,1,logistics,物流单号同步慢/回传失败,0,老用户说句公道话，面单打出来了单号没同步到Lazada后台，订单状态一直卡着，半夜还在手动补，大家注意避坑吧
R0378,官方社区,2025-06-05,5,order_sync,订单漏单/同步延迟,1,多属性订单的规格映射在哪里配？发错颜色好几次了
R0511,App Store,2025-06-15,4,praise,正向评价,0,中规中矩不出错，跨境工具里算第一梯队！！！
R0932,App Store,2025-05-24,,ad,广告灌水,0,货代一手价格 美国欧洲专线 联系Q群 88xxxx88
R0301,小红书,2025-08-12,3,order_sync,订单漏单/同步延迟,0,小卖家一枚，漏单遇到过两次，重跑同步就好，希望能自动重试
R0065,App Store,2025-04-25,5,logistics,物流单号同步慢/回传失败,0,求助，批量打单加自动回传，旺季一天三千单也没出错 有没有同款情况的卖家
R0086,知乎,2025-05-16,1,inventory,多平台库存不同步/超卖,0,客观说一句，可售库存和可用库存两个口径把新运营绕晕了，半夜还在手动补 有没有同款情况的卖家
R0207,小红书,2025-05-15,2,logistics,物流单号同步慢/回传失败,0,真的服了，自定义物流渠道配了几十次都不生效，文档也写不清楚，退款退到麻木，大家注意避坑
R0991,小红书,2025-05-03,4,praise,正向评价,0,小卖家一枚，仓库从纸单换到PDA拣货，错发率基本归零……
R0650,小米应用商店,2025-05-09,1,support,客服响应慢/处理周期长,0,客观说一句，报错了找客服来回踢皮球，两天没解决，买家天天催发货！！！
R0522,知乎,2025-08-05,1,finance,对账与财务能力弱,0,老用户说句公道话，利润报表算不准，头程运费和广告费分摊逻辑看不懂，半夜还在手动补
R0320,小红书,2025-03-16,2,support,客服响应慢/处理周期长,0,说实话，续费之前天天嘘寒问暖，出问题人都找不到，老板已经在问我了
R0271,小米应用商店,2025-03-28,1,onboarding,上手成本高/引导不足,0,真的服了，字段命名不接地气，SKU映射SPU映射小卖家根本听不懂，大促根本不敢放量 有没有同款情况的卖家
R0601,知乎,2025-05-09,1,inventory,多平台库存不同步/超卖,0,求助，安全库存设了不提醒，断货两天才发现，光这个每月损失不少钱
R0566,官方社区,2025-03-26,5,praise,正向评价,0,旺季实测，多店铺多平台统一管理，虾皮扩店一点不慌！！！
R0331,App Store,2025-07-02,5,praise,正向评价,0,吐槽一下，用了三年的老用户，功能全更新快，亚马逊生意做大一半靠它，真心推荐，老板已经在问我了
R0672,小红书,2025-08-15,3,support,客服响应慢/处理周期长,0,客服态度还行就是专业度参差，复杂问题得等他们问技术，老板已经在问我了
R0097,官方社区,2025-04-03,4,logistics,物流单号同步慢/回传失败,1,回传失败的订单有列表可以批量重试吗？
R0786,小红书,2025-07-23,5,support,客服响应慢/处理周期长,0,求助，专属客户成功经理很负责，大促前主动提醒备货压测，好评
R0193,小红书,2025-03-18,5,praise,正向评价,0,说实话，手机端查订单看数据方便，出差也能盯店铺 有没有同款情况的卖家😤
R0259,华为应用市场,2025-08-02,1,stability,系统卡顿/大促不稳定,0,页面加载慢得像拨号上网，打开库存页要等十几秒，差评警告，老板已经在问我了
R0272,华为应用市场,2025-04-02,3,inventory,多平台库存不同步/超卖,1,为什么系统库存和实际盘点对不上？应该从哪里排查？
R0938,官方社区,2025-05-24,3,onboarding,上手成本高/引导不足,1,亚马逊授权令牌过期了怎么重新授权？订单会漏吗？
R0244,官方社区,2025-05-30,2,logistics,物流单号同步慢/回传失败,0,旺季实测，换云途之后单号经常回传失败，要手动一个个补，老板已经在问我了
R0369,知乎,2025-08-13,5,praise,正向评价,0,求助，从选品刊登到发货对账全链路打通，数据不用倒来倒去 有没有同款情况的卖家
R0988,华为应用市场,2025-05-26,4,onboarding,上手成本高/引导不足,1,新手第一次用应该先学哪几个模块？有没有操作顺序建议？
R0855,App Store,2025-06-08,,ad,广告灌水,0,招跨境运营助理 朝九晚六底薪6k 地点深圳 详情看主页
R0910,知乎,2025-06-10,,ad,广告灌水,0,刷单测评资源稳如狗 主页有联系方式
R1044,App Store,2025-08-16,5,pricing,价格与收费争议,0,年付折扣可以，客服还帮忙申请了老客户优惠……。。。
R0713,小红书,2025-03-17,3,praise,正向评价,0,求助，中规中矩不出错，跨境工具里算第一梯队，有用点个赞
R0237,官方社区,2025-06-09,3,praise,正向评价,0,小卖家一枚，整体满意，小毛病有但迭代能看到在改，继续加油，有用点个赞
R0699,App Store,2025-03-19,2,inventory,多平台库存不同步/超卖,0,求助，FBA仓和自营仓库存分开看，每次都要自己加总，差评警告，有用点个赞
R0868,官方社区,2025-08-26,,ad,广告灌水,0,推荐一个选品工具比这个好用多了 链接放评论区
R0124,小红书,2025-07-22,1,logistics,物流单号同步慢/回传失败,0,说实话，Temu订单换了跟踪号之后系统里不同步，轨迹直接断掉……
R1019,App Store,2025-07-04,1,finance,对账与财务能力弱,0,真的服了，财务模块学习成本高，会计研究一周说不如手工表！！！ 我也遇到了
R0683,小红书,2025-04-22,4,praise,正向评价,0,用了大半年，多店铺多平台统一管理，Temu扩店一点不慌……
R0114,小米应用商店,2025-05-27,5,inventory,多平台库存不同步/超卖,0,真的服了，多平台多仓统一管库存之后，再没出现超卖纠纷 #跨境电商
R0706,知乎,2025-07-27,1,inventory,多平台库存不同步/超卖,0,用了大半年，多仓调拨后库存卡在路上半天，可用库存数字全乱，退款退到麻木
R0520,知乎,2025-03-29,1,finance,对账与财务能力弱,0,用了大半年，利润报表算不准，头程运费和广告费分摊逻辑看不懂，大促根本不敢放量🤦
R0131,小红书,2025-03-31,2,logistics,物流单号同步慢/回传失败,0,吐槽一下，Temu订单换了跟踪号之后系统里不同步，轨迹直接断掉，平台扣分扣到肉疼 #跨境电商服了
R0990,App Store,2025-06-19,3,inventory,多平台库存不同步/超卖,1,安全库存预警的通知在哪里开？一直收不到提醒
R0884,知乎,2025-07-16,,ad,广告灌水,0,ERP返现渠道找我 比官方便宜20% 懂的来
R0705,华为应用市场,2025-06-12,1,stability,系统卡顿/大促不稳定,0,吐槽一下，手机端更夸张，查个订单能闪退十几次，大家注意避坑
R0704,官方社区,2025-05-22,1,listing,刊登与商品管理问题,0,Shopee类目对不上，刊登被退回说属性缺失，买家天天催发货
R0365,官方社区,2025-05-24,1,inventory,多平台库存不同步/超卖,0,老用户说句公道话，安全库存设了不提醒，断货好几天才发现……
R0967,华为应用市场,2025-06-29,4,onboarding,上手成本高/引导不足,0,功能全但也复杂，建议找人带一下，自己摸索成本高
R0461,小米应用商店,2025-03-17,1,support,客服响应慢/处理周期长,0,客服响应是真的慢，工单提交三天没人理
R0515,华为应用市场,2025-08-06,3,praise,正向评价,0,小卖家一枚，整体满意，小毛病有但迭代能看到在改，继续加油
R0947,知乎,2025-08-05,1,stability,系统卡顿/大促不稳定,0,客观说一句，导出报表经常超时，数据量一大就报错，半夜还在手动补！！！
R0945,小红书,2025-06-01,5,praise,正向评价,0,用了大半年，从选品刊登到发货对账全链路打通，数据不用倒来倒去 #跨境电商
R0800,小米应用商店,2025-05-17,3,order_sync,订单漏单/同步延迟,0,用了大半年，同步基本及时，个别订单要手动拉一下，整体可以接受，大家注意避坑
R0384,华为应用市场,2025-05-17,4,onboarding,上手成本高/引导不足,1,新手第一次用应该先学哪几个模块？有没有操作顺序建议？
R0979,小红书,2025-05-27,3,logistics,物流单号同步慢/回传失败,1,请问物流轨迹多久同步一次？为什么买家说查不到？
R1009,官方社区,2025-07-20,2,stability,系统卡顿/大促不稳定,0,真的服了，大促当天直接崩了两个小时，订单全积压，大促根本不敢放量 有没有同款情况的卖家啊
R0689,华为应用市场,2025-04-04,2,pricing,价格与收费争议,0,老用户说句公道话，基础版好多功能要额外加钱，模块分开收费套路深，光这个每月损失不少钱，大家注意避坑
R0679,App Store,2025-08-22,3,logistics,物流单号同步慢/回传失败,1,物流超时预警在哪里设置？想让客服提前介入
R0343,知乎,2025-03-22,1,order_sync,订单漏单/同步延迟,0,吐槽一下，异常订单不标红不提醒，混在正常单里差点发错，退款退到麻木
R0670,小米应用商店,2025-06-17,5,praise,正向评价,0,说实话，从选品刊登到发货对账全链路打通，数据不用倒来倒去！！！
R0875,小红书,2025-03-22,,ad,广告灌水,0,代打单代发货 旺季临时外包 联系电话见简介
R0038,小红书,2025-03-06,4,stability,系统卡顿/大促不稳定,0,平时挺稳，就是虾皮大促节点会慢一些，避开高峰还行！！！
R0202,App Store,2025-05-11,3,inventory,多平台库存不同步/超卖,1,库存同步频率在哪里调？能不能按店铺分别设置？
R0738,App Store,2025-06-03,3,logistics,物流单号同步慢/回传失败,0,吐槽一下，物流轨迹比物流商官网慢两个小时，凑合吧……
R0126,华为应用市场,2025-03-20,5,praise,正向评价,0,客观说一句，免费版就够用，小卖家福音，客服回复也及时，五星 有没有同款情况的卖家
R0823,小红书,2025-05-27,4,inventory,多平台库存不同步/超卖,0,客观说一句，功能有但配置复杂，研究了两天才搞懂可售和可用的区别 #跨境电商
R0267,App Store,2025-07-04,1,finance,对账与财务能力弱,0,真的服了，财务模块学习成本高，会计研究一周说不如手工表！！！
R0245,App Store,2025-04-04,3,finance,对账与财务能力弱,0,说实话，报表够用但不灵活，想要的维度得找客服定制导出 有没有同款情况的卖家
R0265,小红书,2025-06-18,4,support,客服响应慢/处理周期长,0,求助，工作日白天响应快，晚上和周末基本只能留言！！！
R0584,小红书,2025-08-29,4,onboarding,上手成本高/引导不足,1,SKU和平台商品怎么映射？导入模板怎么填？
R0737,App Store,2025-06-10,5,praise,正向评价,0,用了大半年，客户成功团队专业，季度回访还给优化建议，不像别家收钱就消失，有用点个赞
R0671,小红书,2025-05-09,3,stability,系统卡顿/大促不稳定,1,批量审单总超时失败，一次最多能处理多少单？🤦
R0908,官方社区,2025-05-24,,ad,广告灌水,0,代打单代发货 旺季临时外包 联系电话见简介
R0410,华为应用市场,2025-07-24,2,inventory,多平台库存不同步/超卖,0,盘点功能难用，盘完差异一大把也不知道哪笔单扣错 有没有同款情况的卖家
R0972,官方社区,2025-04-09,,ad,广告灌水,0,需要代运营的加我微信 vx8xx9，资深运营一对一指导，包爆款
R0545,华为应用市场,2025-06-10,3,listing,刊登与商品管理问题,1,定时刊登在哪里设置？想卡在平台流量高峰上线
R0309,App Store,2025-08-18,3,stability,系统卡顿/大促不稳定,0,旺季实测，卡顿有但能接受，希望继续优化服务器，有用点个赞
R0708,华为应用市场,2025-06-23,4,praise,正向评价,0,用了大半年，仓库从纸单换到PDA拣货，错发率基本归零……
R0123,华为应用市场,2025-03-09,5,pricing,价格与收费争议,0,年付折扣可以，客服还帮忙申请了老客户优惠
R0113,小米应用商店,2025-05-24,3,inventory,多平台库存不同步/超卖,0,说实话，库存同步基本准，但大促那几分钟会延迟，建议留点缓冲
R0049,小红书,2025-05-20,3,inventory,多平台库存不同步/超卖,0,真的服了，功能有但配置复杂，研究了两天才搞懂可售和可用的区别……
R0426,App Store,2025-05-13,1,inventory,多平台库存不同步/超卖,0,旺季实测，采购在途数量经常算错，备货多备了一倍资金全压货上！！！
R0418,小红书,2025-05-15,3,logistics,物流单号同步慢/回传失败,1,请问物流轨迹多久同步一次？为什么买家说查不到？
R1037,官方社区,2025-07-08,2,order_sync,订单漏单/同步延迟,0,黑五那几天订单堆积同步不过来，手动导单导到怀疑人生，半夜还在手动补，大家注意避坑无语了啊
R0936,小红书,2025-03-26,2,support,客服响应慢/处理周期长,0,说实话，续费之前天天嘘寒问暖，出问题人都找不到，老板已经在问我了
R0405,官方社区,2025-03-22,5,praise,正向评价,0,系统稳定功能扎实，换了三家ERP最后在云帆安家，大家注意避坑
R0924,华为应用市场,2025-08-19,,ad,广告灌水,0,有没有拉我进卖家交流群的 在线等 挺急的
R0919,小红书,2025-03-16,,ad,广告灌水,0,回收店铺 秒款 长期有效 vx: shopxxxx
R0211,小红书,2025-03-19,4,inventory,多平台库存不同步/超卖,0,超卖预警救了我好几次，库存一到阈值自动下架，Lazada评分稳了 有没有同款情况的卖家
R0575,知乎,2025-07-09,1,inventory,多平台库存不同步/超卖,0,旺季实测，FBA仓和自营仓库存分开看，每次都要自己加总！！！
R0508,小红书,2025-05-05,1,logistics,物流单号同步慢/回传失败,0,旺季实测，批量发货后单号回传成功率不到九成，每天都要人工核，退款退到麻木，老板已经在问我了
R0048,华为应用市场,2025-05-10,3,pricing,价格与收费争议,1,发票在哪里申请？可以开增值税专用发票吗？
R0294,小米应用商店,2025-06-16,2,logistics,物流单号同步慢/回传失败,0,物流轨迹更新延迟好几个小时，买家问货到哪了我比他还懵
R0010,官方社区,2025-06-17,4,logistics,物流单号同步慢/回传失败,0,真的服了，云帆对接的物流渠道是真的全，4PX一键下单打单很顺 有没有同款情况的卖家无语了
R0856,App Store,2025-06-05,,ad,广告灌水,0,货代一手价格 美国欧洲专线 联系Q群 88xxxx88
R0199,小米应用商店,2025-04-09,3,stability,系统卡顿/大促不稳定,0,小卖家一枚，卡顿有但能接受，希望继续优化服务器
R0234,华为应用市场,2025-08-01,5,support,客服响应慢/处理周期长,0,技术支持凌晨还在帮我处理面单问题，确实被感动到！！！
R0209,小米应用商店,2025-04-01,3,praise,正向评价,0,旺季实测，中规中矩不出错，跨境工具里算第一梯队……
R0486,小红书,2025-03-09,1,finance,对账与财务能力弱,0,说实话，财务模块学习成本高，会计研究一周说不如手工表，大家注意避坑
R0694,华为应用市场,2025-04-24,1,logistics,物流单号同步慢/回传失败,0,旺季实测，物流超时预警根本不触发，等买家投诉才知道包裹卡了，仓库白忙一场，老板已经在问我了
R0356,App Store,2025-06-13,5,onboarding,上手成本高/引导不足,0,说实话，实施顾问很耐心，七天陪跑首单就跑通了，比想象顺利……
R0423,官方社区,2025-03-02,1,stability,系统卡顿/大促不稳定,0,吐槽一下，大促当天直接崩了几十个小时，订单全积压
R0243,华为应用市场,2025-08-15,2,onboarding,上手成本高/引导不足,0,旺季实测，培训约了好几次都改期，最后只能看录播自学，半夜还在手动补，老板已经在问我了
R0539,小红书,2025-06-01,1,listing,刊登与商品管理问题,0,老用户说句公道话，Listing监控形同虚设，跟卖提醒一点不准，老板已经在问我了
R0816,App Store,2025-05-19,5,logistics,物流单号同步慢/回传失败,0,用了大半年，云帆对接的物流渠道是真的全，云途一键下单打单很顺……
R0298,小红书,2025-03-21,2,onboarding,上手成本高/引导不足,0,帮助中心像产品说明书，没有实操案例看完还是不会，平台扣分扣到肉疼
R0304,App Store,2025-07-29,3,inventory,多平台库存不同步/超卖,1,FBA仓库存和本地仓库存能合并显示吗？
R0698,App Store,2025-07-01,2,pricing,价格与收费争议,0,旺季实测，基础版好多功能要额外加钱，模块分开收费套路深，大促根本不敢放量，老板已经在问我了
R0971,小米应用商店,2025-05-31,4,logistics,物流单号同步慢/回传失败,1,发货后Temu后台不显示单号，有人知道怎么批量补传吗？
R0934,小米应用商店,2025-07-10,,ad,广告灌水,0,自用店铺转让 带审核 有意私聊
R0582,知乎,2025-03-12,5,praise,正向评价,0,旺季实测，自动化规则省了一个运营人力，光这个年费就回本 有没有同款情况的卖家
R0825,小米应用商店,2025-03-26,2,inventory,多平台库存不同步/超卖,0,说实话，虾皮活动锁库存不同步，活动结束就超卖了 有没有同款情况的卖家
R0139,华为应用市场,2025-04-26,1,inventory,多平台库存不同步/超卖,0,TikTok Shop活动锁库存不同步，活动结束就超卖了……
R0289,华为应用市场,2025-03-03,1,finance,对账与财务能力弱,0,对账功能太弱，Temu扣费明细对不上，最后还是得做Excel，老板已经在问我了
R0393,知乎,2025-07-06,1,support,客服响应慢/处理周期长,0,求助，售后工单解决一个问题平均要一天，期间订单发不出去
R0071,App Store,2025-07-16,4,inventory,多平台库存不同步/超卖,0,用了大半年，超卖预警救了我好几次，库存一到阈值自动下架，Lazada评分稳了……
R0387,知乎,2025-04-04,4,order_sync,订单漏单/同步延迟,0,用了大半年，自动审单规则真香，八成订单不用人工碰……
R1042,小米应用商店,2025-05-16,2,inventory,多平台库存不同步/超卖,0,吐槽一下，多仓调拨后库存卡在路上几十天，可用库存数字全乱，半夜还在手动补 #跨境电商 我也遇到了
R0810,小米应用商店,2025-05-19,1,onboarding,上手成本高/引导不足,0,老用户说句公道话，帮助中心像产品说明书，没有实操案例看完还是不会，半夜还在手动补
R0937,小红书,2025-08-31,2,inventory,多平台库存不同步/超卖,0,求助，TikTok和Lazada共用一个仓库库存，两边对不上只能手动分，差评警告
R0659,小红书,2025-03-20,5,logistics,物流单号同步慢/回传失败,0,批量打单加自动回传，旺季一天三千单也没出错
R0251,小米应用商店,2025-03-24,3,order_sync,订单漏单/同步延迟,1,异常订单被拦截后怎么批量处理？
R0191,知乎,2025-04-23,1,logistics,物流单号同步慢/回传失败,0,物流商对账重量和系统对不上，运费算错也没预警，老板已经在问我了
R0758,知乎,2025-08-14,1,inventory,多平台库存不同步/超卖,0,说实话，库存同步延迟太离谱，仓库出完货前台还挂着，退款退到麻木，有用点个赞😤
R0238,华为应用市场,2025-06-03,3,praise,正向评价,0,整体满意，小毛病有但迭代能看到在改，继续加油！！！
R0516,App Store,2025-08-04,4,praise,正向评价,0,打单发货一条龙，仓库效率提升明显，老板说今年再加席位
R0034,App Store,2025-08-14,5,praise,正向评价,0,仓库从纸单换到PDA拣货，错发率基本归零
R0420,小米应用商店,2025-08-16,5,pricing,价格与收费争议,0,用了大半年，年付折扣可以，客服还帮忙申请了老客户优惠，大家注意避坑
R0804,App Store,2025-04-07,2,order_sync,订单漏单/同步延迟,0,客观说一句，自动审单规则经常误判，正常订单被拦成异常，退款退到麻木，老板已经在问我了
R0499,知乎,2025-05-28,3,pricing,价格与收费争议,0,价格中等，主要看旺季能不能撑住，撑住就值
R0018,App Store,2025-07-08,3,listing,刊登与商品管理问题,1,采集别人店铺的商品会侵权吗？图片怎么处理？
R0970,App Store,2025-04-05,5,inventory,多平台库存不同步/超卖,0,旺季实测，超卖预警救了我好几次，库存一到阈值自动下架，亚马逊评分稳了！！！
R0072,官方社区,2025-03-03,3,stability,系统卡顿/大促不稳定,1,订单页一直转圈加载不出来是什么原因？清缓存也没用
R0027,官方社区,2025-05-28,3,support,客服响应慢/处理周期长,1,工单在哪里看进度？提交了完全不知道排到哪了😭
R0565,华为应用市场,2025-04-15,4,finance,对账与财务能力弱,0,求助，对账能处理大部分，长尾差异单还得人工，省了七八成时间，大家注意避坑
R0685,小红书,2025-07-07,1,inventory,多平台库存不同步/超卖,0,真的服了，FBA仓和自营仓库存分开看，每次都要自己加总
R0655,App Store,2025-04-04,5,praise,正向评价,0,系统稳定功能扎实，换了三家ERP最后在云帆安家！！！
R0742,官方社区,2025-07-27,5,praise,正向评价,0,客观说一句，系统稳定功能扎实，换了三家ERP最后在云帆安家，有用点个赞
R0949,知乎,2025-08-08,3,inventory,多平台库存不同步/超卖,0,说实话，库存同步基本准，但大促那几分钟会延迟，建议留点缓冲！！！
R0144,知乎,2025-05-18,3,inventory,多平台库存不同步/超卖,0,求助，功能有但配置复杂，研究了两天才搞懂可售和可用的区别，大家注意避坑
R0307,App Store,2025-03-26,5,support,客服响应慢/处理周期长,0,旺季实测，专属客户成功经理很负责，大促前主动提醒备货压测，好评
R0950,官方社区,2025-08-03,1,listing,刊登与商品管理问题,0,小卖家一枚，小语种翻译机翻味太重，还得自己重新润色，退款退到麻木……
R0497,华为应用市场,2025-05-18,4,onboarding,上手成本高/引导不足,1,新手第一次用应该先学哪几个模块？有没有操作顺序建议？
R0845,知乎,2025-04-22,5,inventory,多平台库存不同步/超卖,0,小卖家一枚，超卖预警救了我好几次，库存一到阈值自动下架，虾皮评分稳了
R0222,华为应用市场,2025-06-21,5,logistics,物流单号同步慢/回传失败,1,发货后订单状态多久变成已揽收？能手动触发同步吗？
R0286,小红书,2025-03-15,2,support,客服响应慢/处理周期长,0,客观说一句，客服响应是真的慢，工单提交十几天没人理，光这个每月损失不少钱，有用点个赞
R0355,App Store,2025-05-16,1,inventory,多平台库存不同步/超卖,0,老用户说句公道话，盘点功能难用，盘完差异一大把也不知道哪笔单扣错，差评警告，大家注意避坑
R0877,小红书,2025-04-19,,ad,广告灌水,0,ERP返现渠道找我 比官方便宜20% 懂的来
R0061,官方社区,2025-08-08,4,praise,正向评价,0,系统稳定功能扎实，换了三家ERP最后在云帆安家，老板已经在问我了
R0324,知乎,2025-07-27,1,stability,系统卡顿/大促不稳定,0,小卖家一枚，批量操作必卡死，一次审五百单要加载十分钟，差评警告 #跨境电商
R0998,小红书,2025-03-13,5,praise,正向评价,0,真的服了，多店铺多平台统一管理，TikTok Shop扩店一点不慌……
R0978,知乎,2025-07-24,,ad,广告灌水,0,ERP返现渠道找我 比官方便宜20% 懂的来
R0357,官方社区,2025-05-08,3,praise,正向评价,0,真的服了，中规中矩不出错，跨境工具里算第一梯队 有没有同款情况的卖家
R0314,App Store,2025-05-28,1,inventory,多平台库存不同步/超卖,0,可售库存和可用库存两个口径把新运营绕晕了
R0829,App Store,2025-05-21,1,inventory,多平台库存不同步/超卖,0,求助，Lazada活动锁库存不同步，活动结束就超卖了 #跨境电商
R0696,知乎,2025-08-06,5,praise,正向评价,0,客观说一句，手机端查订单看数据方便，出差也能盯店铺
R0648,小红书,2025-07-11,5,logistics,物流单号同步慢/回传失败,0,批量打单加自动回传，旺季一天三千单也没出错……
R0610,小红书,2025-07-17,4,praise,正向评价,0,多店铺多平台统一管理，Shopee扩店一点不慌
R0037,小红书,2025-03-09,1,listing,刊登与商品管理问题,0,小语种翻译机翻味太重，还得自己重新润色！！！
R0974,小米应用商店,2025-05-19,4,logistics,物流单号同步慢/回传失败,1,回传失败的订单有列表可以批量重试吗？
R0981,知乎,2025-09-09,2,stability,系统卡顿/大促不稳定,0,更新之后bug更多，筛选器失灵数字错位，越更新越难用，有用点个赞
R0004,官方社区,2025-04-30,5,logistics,物流单号同步慢/回传失败,0,用了大半年，云帆对接的物流渠道是真的全，4PX一键下单打单很顺，老板已经在问我了😤
R1040,小红书,2025-07-05,,ad,广告灌水,0,ERP返现渠道找我 比官方便宜20% 懂的来吧
R0740,知乎,2025-05-23,3,praise,正向评价,0,说实话，中规中矩不出错，跨境工具里算第一梯队！！！
R0394,小红书,2025-08-11,3,inventory,多平台库存不同步/超卖,0,吐槽一下，功能有但配置复杂，研究了两天才搞懂可售和可用的区别
R0339,小红书,2025-05-29,3,praise,正向评价,0,中规中矩不出错，跨境工具里算第一梯队，有用点个赞
R0809,App Store,2025-06-29,3,praise,正向评价,0,小卖家一枚，中规中矩不出错，跨境工具里算第一梯队，有用点个赞
R0513,小红书,2025-06-16,4,order_sync,订单漏单/同步延迟,0,全平台订单一个工作台处理，不用来回切后台，效率翻倍
R0093,官方社区,2025-08-09,4,logistics,物流单号同步慢/回传失败,1,物流单号一直不回传是怎么回事？要在哪里重新推送？
R0269,官方社区,2025-07-19,4,listing,刊登与商品管理问题,0,小卖家一枚，跟卖监控和差评提醒挺及时，店铺安全有保障
R0185,小红书,2025-07-17,5,praise,正向评价,0,客观说一句，仓库从纸单换到PDA拣货，错发率基本归零 有没有同款情况的卖家
R0762,知乎,2025-04-20,1,pricing,价格与收费争议,0,求助，年费比去年贵了将近三成，功能还是那些功能，老板已经在问我了
R0220,官方社区,2025-04-11,1,support,客服响应慢/处理周期长,0,真的服了，客服响应是真的慢，工单提交一天没人理，退款退到麻木
R0682,App Store,2025-07-30,5,pricing,价格与收费争议,0,吐槽一下，算下来比雇两个录入的人便宜多了，ROI还是划算的
R0287,小红书,2025-05-01,2,inventory,多平台库存不同步/超卖,0,老用户说句公道话，可售库存和可用库存两个口径把新运营绕晕了
R0748,小红书,2025-06-21,5,praise,正向评价,0,小卖家一枚，客户成功团队专业，季度回访还给优化建议，不像别家收钱就消失，老板已经在问我了无语了
R0842,知乎,2025-04-03,1,onboarding,上手成本高/引导不足,0,客观说一句，第一步店铺授权就卡住，操作指引和实际页面对不上，大促根本不敢放量，大家注意避坑
R0555,小米应用商店,2025-08-30,3,support,客服响应慢/处理周期长,0,老用户说句公道话，客服态度还行就是专业度参差，复杂问题得等他们问技术……
R1036,App Store,2025-08-24,5,praise,正向评价,0,多店铺多平台统一管理，TikTok Shop扩店一点不慌吧
R0373,小米应用商店,2025-04-15,5,praise,正向评价,0,免费版就够用，小卖家福音，客服回复也及时，五星 有没有同款情况的卖家
R0302,知乎,2025-03-03,3,logistics,物流单号同步慢/回传失败,0,说实话，物流轨迹比物流商官网慢两个小时，凑合吧
R0794,华为应用市场,2025-03-12,4,support,客服响应慢/处理周期长,1,能不能加急处理？店铺因为同步问题已经停发半天了
R0495,App Store,2025-05-21,2,support,客服响应慢/处理周期长,0,客观说一句，高峰期排队前面九十多个人，等排到问题自己都凉了，差评警告 #跨境电商
R0506,App Store,2025-03-02,3,stability,系统卡顿/大促不稳定,0,小卖家一枚，平时挺稳，就是Lazada大促节点会慢一些，避开高峰还行……
R0502,知乎,2025-05-20,2,pricing,价格与收费争议,0,老用户说句公道话，基础版好多功能要额外加钱，模块分开收费套路深，有用点个赞😤
R1000,小红书,2025-03-25,4,stability,系统卡顿/大促不稳定,0,平时挺稳，就是虾皮大促节点会慢一些，避开高峰还行！！！
R0832,知乎,2025-04-12,5,logistics,物流单号同步慢/回传失败,1,发货后亚马逊后台不显示单号，有人知道怎么批量补传吗？
R0458,App Store,2025-06-23,1,logistics,物流单号同步慢/回传失败,0,小卖家一枚，物流单号同步慢死了，燕文揽收三天了平台还没回传，仓库白忙一场
R0173,App Store,2025-04-18,2,inventory,多平台库存不同步/超卖,0,多平台库存根本不同步，亚马逊卖超了系统里还有货，大家注意避坑
R0109,官方社区,2025-03-26,5,praise,正向评价,0,真的服了，从选品刊登到发货对账全链路打通，数据不用倒来倒去 有没有同款情况的卖家
R0354,小米应用商店,2025-06-27,1,listing,刊登与商品管理问题,0,客观说一句，多平台铺货不能一键转，每个平台都要重新编辑，半夜还在手动补
R0982,华为应用市场,2025-06-06,5,order_sync,订单漏单/同步延迟,0,真的服了，自动审单规则真香，八成订单不用人工碰 #跨境电商
R0750,知乎,2025-06-10,2,finance,对账与财务能力弱,0,多店铺成本混在一起，想算单店利润得自己拼数据，退款退到麻木
R0860,小米应用商店,2025-03-19,,ad,广告灌水,0,刷单测评资源稳如狗 主页有联系方式
R0887,小红书,2025-04-03,,ad,广告灌水,0,需要代运营的加我微信 vx8xx9，资深运营一对一指导，包爆款
R0902,App Store,2025-05-28,,ad,广告灌水,0,货代一手价格 美国欧洲专线 联系Q群 88xxxx88
R0383,知乎,2025-07-14,1,support,客服响应慢/处理周期长,0,客服响应是真的慢，工单提交两天没人理，有用点个赞
R0730,App Store,2025-03-29,5,praise,正向评价,0,说实话，手机端查订单看数据方便，出差也能盯店铺 有没有同款情况的卖家
R0398,小红书,2025-04-09,5,finance,对账与财务能力弱,1,利润报表的广告费从哪取数？为什么和手动算的有差？
R1043,App Store,2025-05-15,1,finance,对账与财务能力弱,0,吐槽一下，物流费只能对总金额，单号维度对不了，差异查不到！！！ 我也遇到了
R0563,知乎,2025-07-23,3,pricing,价格与收费争议,1,发票在哪里申请？可以开增值税专用发票吗？
R0863,知乎,2025-04-04,,ad,广告灌水,0,回收店铺 秒款 长期有效 vx: shopxxxx
R0033,官方社区,2025-07-08,2,finance,对账与财务能力弱,0,真的服了，物流费只能对总金额，单号维度对不了，差异查不到，差评警告
R0427,知乎,2025-03-07,1,support,客服响应慢/处理周期长,0,承诺的回电等了好几天没人联系我，平台扣分扣到肉疼 有没有同款情况的卖家
R0960,官方社区,2025-03-16,3,pricing,价格与收费争议,0,旺季实测，功能确实多但用不上的也打包收费，希望模块化自选
R0208,小红书,2025-06-03,2,pricing,价格与收费争议,0,求助，又涨价，老客户一点折扣没有，新用户反而便宜，老板已经在问我了
R0178,App Store,2025-04-19,1,order_sync,订单漏单/同步延迟,0,吐槽一下，速卖通订单同步漏单！月底对账发现少了十几单，细思极恐，光这个每月损失不少钱
R0233,官方社区,2025-03-21,4,pricing,价格与收费争议,0,功能确实多但用不上的也打包收费，希望模块化自选
R0976,官方社区,2025-03-24,4,pricing,价格与收费争议,0,功能确实多但用不上的也打包收费，希望模块化自选
R0635,小红书,2025-03-06,5,praise,正向评价,0,多店铺多平台统一管理，速卖通扩店一点不慌，有用点个赞
R0591,官方社区,2025-05-03,3,finance,对账与财务能力弱,1,想看单个店铺的利润要在哪里筛选？
R0537,官方社区,2025-07-29,1,stability,系统卡顿/大促不稳定,0,老用户说句公道话，页面加载慢得像拨号上网，打开库存页要等十几秒 #跨境电商
R0276,官方社区,2025-03-08,3,pricing,价格与收费争议,1,专业版和旗舰版具体差哪些功能？官网对比表看不懂
R0547,华为应用市场,2025-07-18,5,listing,刊登与商品管理问题,0,说实话，采集搬家加批量刊登效率很高，上新品速度快一倍……
R0290,App Store,2025-08-15,5,support,客服响应慢/处理周期长,0,说实话，技术支持凌晨还在帮我处理面单问题，确实被感动到，老板已经在问我了
R0358,官方社区,2025-05-31,5,inventory,多平台库存不同步/超卖,0,用了大半年，超卖预警救了我好几次，库存一到阈值自动下架，Temu评分稳了 有没有同款情况的卖家无语了
R0050,小红书,2025-06-30,1,inventory,多平台库存不同步/超卖,0,采购在途数量经常算错，备货多备了一倍资金全压货上！！！
R0376,小米应用商店,2025-05-01,4,logistics,物流单号同步慢/回传失败,1,回传失败的订单有列表可以批量重试吗？
R0858,App Store,2025-06-28,,ad,广告灌水,0,推荐一个选品工具比这个好用多了 链接放评论区
R0484,App Store,2025-05-23,1,logistics,物流单号同步慢/回传失败,0,吐槽一下，发货了轨迹不更新，问就是物流商接口问题，大促根本不敢放量 有没有同款情况的卖家
R0531,App Store,2025-08-11,1,order_sync,订单漏单/同步延迟,0,说实话，取消的订单不同步，仓库照发，货发了钱也退了！！！
R0554,App Store,2025-07-15,5,listing,刊登与商品管理问题,0,跟卖监控和差评提醒挺及时，店铺安全有保障，有用点个赞
R0227,知乎,2025-08-21,2,stability,系统卡顿/大促不稳定,0,更新之后bug更多，筛选器失灵数字错位，越更新越难用，有用点个赞
R0840,小红书,2025-05-14,2,pricing,价格与收费争议,0,真的服了，按席位收费太贵，客服仓库就用个打单也要全价席位，平台扣分扣到肉疼，有用点个赞无语了
R0785,知乎,2025-06-23,3,inventory,多平台库存不同步/超卖,1,FBA仓库存和本地仓库存能合并显示吗？
R0622,App Store,2025-08-18,1,logistics,物流单号同步慢/回传失败,0,客观说一句，物流超时预警根本不触发，等买家投诉才知道包裹卡了😤
R0300,官方社区,2025-08-22,2,logistics,物流单号同步慢/回传失败,0,老用户说句公道话，虾皮订单换了跟踪号之后系统里不同步，轨迹直接断掉，大家注意避坑
R0429,知乎,2025-06-19,1,inventory,多平台库存不同步/超卖,0,客观说一句，多平台库存根本不同步，Temu卖超了系统里还有货，差评警告 #跨境电商
R0613,官方社区,2025-08-13,4,praise,正向评价,0,小卖家一枚，中规中矩不出错，跨境工具里算第一梯队，有用点个赞
R0310,华为应用市场,2025-06-28,5,praise,正向评价,0,真的服了，免费版就够用，小卖家福音，客服回复也及时，五星 有没有同款情况的卖家
R0468,App Store,2025-07-14,4,stability,系统卡顿/大促不稳定,0,老用户说句公道话，用了两年基本没宕过机，比之前换的那家强太多，有用点个赞
R0206,华为应用市场,2025-06-09,2,onboarding,上手成本高/引导不足,0,老用户说句公道话，开通三周了订单都没跑通，也没人主动跟进，买家天天催发货，有用点个赞
R0874,华为应用市场,2025-08-12,,ad,广告灌水,0,自用店铺转让 带审核 有意私聊
R0046,华为应用市场,2025-03-18,5,order_sync,订单漏单/同步延迟,0,真的服了，自动审单规则真香，八成订单不用人工碰，有用点个赞😤
R0134,App Store,2025-04-06,5,logistics,物流单号同步慢/回传失败,0,吐槽一下，批量打单加自动回传，旺季一天三千单也没出错，老板已经在问我了
R0477,App Store,2025-04-21,1,inventory,多平台库存不同步/超卖,0,多仓调拨后库存卡在路上好几天，可用库存数字全乱，买家天天催发货😭
R0460,App Store,2025-07-10,2,logistics,物流单号同步慢/回传失败,0,说实话，物流商对账重量和系统对不上，运费算错也没预警，半夜还在手动补
R0403,官方社区,2025-05-08,2,inventory,多平台库存不同步/超卖,0,虾皮活动锁库存不同步，活动结束就超卖了，平台扣分扣到肉疼……
R0834,App Store,2025-06-15,1,logistics,物流单号同步慢/回传失败,0,客观说一句，换邮政小包之后单号经常回传失败，要手动一个个补！！！无语了
R0899,官方社区,2025-05-23,,ad,广告灌水,0,刷单测评资源稳如狗 主页有联系方式
R0820,App Store,2025-04-21,2,inventory,多平台库存不同步/超卖,0,用了大半年，FBA仓和自营仓库存分开看，每次都要自己加总，差评警告 #跨境电商
R0179,小米应用商店,2025-08-12,4,order_sync,订单漏单/同步延迟,1,自动审单规则的优先级怎么排？两条规则冲突怎么办？
R0009,App Store,2025-07-30,2,inventory,多平台库存不同步/超卖,0,客观说一句，亚马逊活动锁库存不同步，活动结束就超卖了，有用点个赞
R0024,小米应用商店,2025-03-15,5,praise,正向评价,0,说实话，手机端查订单看数据方便，出差也能盯店铺，大家注意避坑😤
R0518,华为应用市场,2025-06-06,5,inventory,多平台库存不同步/超卖,1,采购在途数量怎么统计？为什么和供应商发货数对不上？
R0283,小米应用商店,2025-07-21,2,listing,刊登与商品管理问题,0,多平台铺货不能一键转，每个平台都要重新编辑，仓库白忙一场
R0859,App Store,2025-03-14,,ad,广告灌水,0,刷单测评资源稳如狗 主页有联系方式
R0558,知乎,2025-08-15,3,stability,系统卡顿/大促不稳定,0,旺季实测，卡顿有但能接受，希望继续优化服务器！！！
R0727,小红书,2025-04-19,2,inventory,多平台库存不同步/超卖,0,旺季实测，TikTok和虾皮共用一个仓库库存，两边对不上只能手动分
R0181,小红书,2025-04-05,1,stability,系统卡顿/大促不稳定,0,吐槽一下，系统三天两头卡顿，订单工作台转圈半天才打开
R0261,小米应用商店,2025-03-20,5,logistics,物流单号同步慢/回传失败,0,云帆对接的物流渠道是真的全，4PX一键下单打单很顺服了
R1002,小米应用商店,2025-03-18,3,praise,正向评价,0,中规中矩不出错，跨境工具里算第一梯队，老板已经在问我了
R1038,官方社区,2025-04-16,3,finance,对账与财务能力弱,1,虾皮平台扣费怎么和订单逐单对账？求操作教程 我也遇到了
R0665,华为应用市场,2025-08-27,2,order_sync,订单漏单/同步延迟,0,黑五那几天订单堆积同步不过来，手动导单导到怀疑人生！！！
R0099,官方社区,2025-08-01,5,praise,正向评价,0,免费版就够用，小卖家福音，客服回复也及时，五星，大家注意避坑
R0818,App Store,2025-05-16,4,stability,系统卡顿/大促不稳定,0,真的服了，用了两年基本没宕过机，比之前换的那家强太多，有用点个赞
R0190,华为应用市场,2025-03-16,1,inventory,多平台库存不同步/超卖,0,多仓调拨后库存卡在路上好几天，可用库存数字全乱 有没有同款情况的卖家
R0726,官方社区,2025-05-07,1,stability,系统卡顿/大促不稳定,0,吐槽一下，系统三天两头卡顿，订单工作台转圈半天才打开
R0183,App Store,2025-05-27,3,order_sync,订单漏单/同步延迟,1,异常订单被拦截后怎么批量处理？
R0196,App Store,2025-07-26,1,inventory,多平台库存不同步/超卖,0,小卖家一枚，多平台库存根本不同步，亚马逊卖超了系统里还有货，老板已经在问我了
R0817,App Store,2025-06-04,5,onboarding,上手成本高/引导不足,0,老用户说句公道话，实施顾问很耐心，七天陪跑首单就跑通了，比想象顺利😤
R0956,官方社区,2025-04-28,3,finance,对账与财务能力弱,1,虾皮平台扣费怎么和订单逐单对账？求操作教程
R0166,知乎,2025-06-05,4,praise,正向评价,0,打单发货一条龙，仓库效率提升明显，老板说今年再加席位，大家注意避坑
R0239,知乎,2025-03-31,5,praise,正向评价,0,小卖家一枚，系统稳定功能扎实，换了三家ERP最后在云帆安家 有没有同款情况的卖家
R0805,官方社区,2025-08-26,5,praise,正向评价,0,客观说一句，自动化规则省了一个运营人力，光这个年费就回本，老板已经在问我了
R0017,App Store,2025-03-20,5,order_sync,订单漏单/同步延迟,0,老用户说句公道话，自动审单规则真香，八成订单不用人工碰，老板已经在问我了
R0391,小红书,2025-08-23,5,order_sync,订单漏单/同步延迟,1,自动审单规则的优先级怎么排？两条规则冲突怎么办？
R0044,小红书,2025-07-10,3,inventory,多平台库存不同步/超卖,0,用了大半年，功能有但配置复杂，研究了两天才搞懂可售和可用的区别，老板已经在问我了
R0150,App Store,2025-05-10,1,listing,刊登与商品管理问题,0,多平台铺货不能一键转，每个平台都要重新编辑，有用点个赞服了
R1027,App Store,2025-06-15,1,logistics,物流单号同步慢/回传失败,0,客观说一句，换邮政小包之后单号经常回传失败，要手动一个个补！！！无语了，同意楼上
R0778,华为应用市场,2025-07-26,5,praise,正向评价,0,真的服了，从选品刊登到发货对账全链路打通，数据不用倒来倒去 有没有同款情况的卖家
R0040,知乎,2025-04-24,3,inventory,多平台库存不同步/超卖,0,老用户说句公道话，库存同步基本准，但大促那几分钟会延迟，建议留点缓冲😤
R0594,小红书,2025-06-26,1,inventory,多平台库存不同步/超卖,0,真的服了，TikTok和虾皮共用一个仓库库存，两边对不上只能手动分 有没有同款情况的卖家
R0931,知乎,2025-03-06,,ad,广告灌水,0,招跨境运营助理 朝九晚六底薪6k 地点深圳 详情看主页
R0231,华为应用市场,2025-07-06,3,logistics,物流单号同步慢/回传失败,1,物流超时预警在哪里设置？想让客服提前介入
R0491,官方社区,2025-06-23,3,praise,正向评价,0,求助，整体满意，小毛病有但迭代能看到在改，继续加油
R0442,App Store,2025-06-11,3,praise,正向评价,0,真的服了，整体满意，小毛病有但迭代能看到在改，继续加油
R1020,小红书,2025-08-26,1,support,客服响应慢/处理周期长,0,群里@技术支持经常石沉大海，还得私聊CSM催 有没有同款情况的卖家啊
R0335,知乎,2025-08-04,3,finance,对账与财务能力弱,1,头程运费怎么分摊到每个SKU成本里？
R0032,App Store,2025-06-05,2,logistics,物流单号同步慢/回传失败,0,说实话，物流轨迹更新延迟几十个小时，买家问货到哪了我比他还懵，大促根本不敢放量……
R0892,App Store,2025-05-23,,ad,广告灌水,0,有没有拉我进卖家交流群的 在线等 挺急的
R0218,小米应用商店,2025-04-13,4,logistics,物流单号同步慢/回传失败,1,请问物流轨迹多久同步一次？为什么买家说查不到？
R0070,App Store,2025-03-09,4,logistics,物流单号同步慢/回传失败,0,物流轨迹比物流商官网慢两个小时，凑合吧，老板已经在问我了
R0598,华为应用市场,2025-07-06,2,support,客服响应慢/处理周期长,0,真的服了，高峰期排队前面九十多个人，等排到问题自己都凉了……
R0843,知乎,2025-04-02,2,order_sync,订单漏单/同步延迟,0,吐槽一下，自动审单规则经常误判，正常订单被拦成异常……🤦
R0728,小米应用商店,2025-07-04,4,onboarding,上手成本高/引导不足,0,刚用觉得乱用顺了还好，前两周劝退期挺过去就行，大家注意避坑
R1010,华为应用市场,2025-07-24,2,inventory,多平台库存不同步/超卖,0,盘点功能难用，盘完差异一大把也不知道哪笔单扣错 有没有同款情况的卖家。。。
R1031,App Store,2025-07-02,5,praise,正向评价,0,吐槽一下，用了三年的老用户，功能全更新快，亚马逊生意做大一半靠它，真心推荐，老板已经在问我了吧
R0364,App Store,2025-05-09,3,stability,系统卡顿/大促不稳定,0,说实话，卡顿有但能接受，希望继续优化服务器 #跨境电商
R0031,App Store,2025-08-29,5,praise,正向评价,0,小卖家一枚，自动化规则省了一个运营人力，光这个年费就回本
R0015,小红书,2025-08-30,5,praise,正向评价,0,系统稳定功能扎实，换了三家ERP最后在云帆安家！！！
R0348,官方社区,2025-07-01,3,inventory,多平台库存不同步/超卖,1,多仓调拨在途库存算哪个仓库？可用数对不上
R0814,知乎,2025-08-26,4,praise,正向评价,0,求助，多店铺多平台统一管理，亚马逊扩店一点不慌！！！
R0174,App Store,2025-03-28,4,onboarding,上手成本高/引导不足,0,旺季实测，实施顾问很耐心，七天陪跑首单就跑通了，比想象顺利
R0959,小红书,2025-08-04,,ad,广告灌水,0,自用店铺转让 带审核 有意私聊
R0241,知乎,2025-05-29,2,pricing,价格与收费争议,0,客观说一句，又涨价，老客户一点折扣没有，新用户反而便宜！！！
R0865,官方社区,2025-07-04,,ad,广告灌水,0,推荐一个选品工具比这个好用多了 链接放评论区
R0776,小红书,2025-05-15,5,pricing,价格与收费争议,0,客观说一句，年付折扣可以，客服还帮忙申请了老客户优惠
R0753,App Store,2025-03-14,4,listing,刊登与商品管理问题,0,老用户说句公道话，刊登够用但谈不上多好用，批量功能再强点就好，大家注意避坑
R0407,App Store,2025-08-19,4,finance,对账与财务能力弱,0,老用户说句公道话，对账能处理大部分，长尾差异单还得人工，省了七八成时间
R0317,App Store,2025-06-28,1,inventory,多平台库存不同步/超卖,0,老用户说句公道话，组合商品库存扣减有问题，套装卖出子品没减库存……
R0395,华为应用市场,2025-03-23,1,order_sync,订单漏单/同步延迟,0,用了大半年，取消的订单不同步，仓库照发，货发了钱也退了
R0897,App Store,2025-04-06,,ad,广告灌水,0,招跨境运营助理 朝九晚六底薪6k 地点深圳 详情看主页
R0103,App Store,2025-06-22,5,praise,正向评价,0,旺季实测，多店铺多平台统一管理，速卖通扩店一点不慌 #跨境电商😤
R0085,官方社区,2025-07-22,3,stability,系统卡顿/大促不稳定,0,说实话，平时挺稳，就是虾皮大促节点会慢一些，避开高峰还行，老板已经在问我了
R0724,App Store,2025-05-07,1,order_sync,订单漏单/同步延迟,0,真的服了，合单拆单逻辑乱，同一买家两单合了之后库存扣错
R0504,华为应用市场,2025-07-13,4,inventory,多平台库存不同步/超卖,1,库存同步频率在哪里调？能不能按店铺分别设置？
R0152,App Store,2025-03-22,5,stability,系统卡顿/大促不稳定,1,订单页一直转圈加载不出来是什么原因？清缓存也没用服了
R0675,知乎,2025-04-25,4,support,客服响应慢/处理周期长,1,工单在哪里看进度？提交了完全不知道排到哪了
R0188,知乎,2025-08-02,5,praise,正向评价,0,客观说一句，打单发货一条龙，仓库效率提升明显，老板说今年再加席位，大家注意避坑
R0921,官方社区,2025-05-13,,ad,广告灌水,0,刷单测评资源稳如狗 主页有联系方式
R0707,App Store,2025-07-10,1,logistics,物流单号同步慢/回传失败,0,客观说一句，换极兔之后单号经常回传失败，要手动一个个补，退款退到麻木
R0381,知乎,2025-08-20,5,praise,正向评价,0,用了大半年，客户成功团队专业，季度回访还给优化建议，不像别家收钱就消失
R0107,知乎,2025-03-05,1,pricing,价格与收费争议,0,真的服了，年费比去年贵了将近三成，功能还是那些功能，买家天天催发货，大家注意避坑
R0831,App Store,2025-08-04,3,logistics,物流单号同步慢/回传失败,0,物流轨迹比物流商官网慢好几个小时，凑合吧，老板已经在问我了
R0151,官方社区,2025-07-22,1,order_sync,订单漏单/同步延迟,0,求助，订单备注同步不过来，买家留言的赠品要求看不到！！！
R0658,知乎,2025-06-16,4,stability,系统卡顿/大促不稳定,0,求助，平时挺稳，就是Wish大促节点会慢一些，避开高峰还行 #跨境电商服了
R0494,小红书,2025-05-14,4,logistics,物流单号同步慢/回传失败,0,真的服了，物流轨迹比物流商官网慢十几个小时，凑合吧 有没有同款情况的卖家
R0826,华为应用市场,2025-06-28,5,praise,正向评价,0,仓库从纸单换到PDA拣货，错发率基本归零 #跨境电商
R0657,小红书,2025-03-19,2,logistics,物流单号同步慢/回传失败,0,小卖家一枚，Temu订单换了跟踪号之后系统里不同步，轨迹直接断掉，光这个每月损失不少钱，大家注意避坑
R0135,App Store,2025-04-03,2,support,客服响应慢/处理周期长,0,老用户说句公道话，续费之前天天嘘寒问暖，出问题人都找不到，老板已经在问我了
R0741,知乎,2025-07-26,3,listing,刊登与商品管理问题,0,刊登够用但谈不上多好用，批量功能再强点就好，有用点个赞
R0760,App Store,2025-05-26,1,onboarding,上手成本高/引导不足,0,上手太难了，功能入口藏得深，新运营培训一周还是懵😤
R0402,App Store,2025-03-23,4,praise,正向评价,0,老用户说句公道话，整体满意，小毛病有但迭代能看到在改，继续加油 #跨境电商
R0940,官方社区,2025-07-08,2,inventory,多平台库存不同步/超卖,0,采购在途数量经常算错，备货多备了一倍资金全压货上 #跨境电商
R0417,小红书,2025-07-15,3,logistics,物流单号同步慢/回传失败,0,小卖家一枚，物流轨迹比物流商官网慢三个小时，凑合吧，有用点个赞服了
R0620,华为应用市场,2025-05-23,2,stability,系统卡顿/大促不稳定,0,求助，大促当天直接崩了十几个小时，订单全积压，大家注意避坑
R0081,官方社区,2025-05-08,5,praise,正向评价,0,求助，用了三年的老用户，功能全更新快，速卖通生意做大一半靠它，真心推荐 #跨境电商
R0928,官方社区,2025-06-12,,ad,广告灌水,0,招跨境运营助理 朝九晚六底薪6k 地点深圳 详情看主页
R0564,小米应用商店,2025-05-17,2,logistics,物流单号同步慢/回传失败,0,求助，自定义物流渠道配了两次都不生效，文档也写不清楚，有用点个赞
R0195,App Store,2025-07-15,2,listing,刊登与商品管理问题,0,真的服了，采集过来的详情页格式全乱，图片还要重新传，退款退到麻木，大家注意避坑
R0469,官方社区,2025-04-12,3,onboarding,上手成本高/引导不足,0,功能全但也复杂，建议找人带一下，自己摸索成本高
R0543,知乎,2025-08-16,3,support,客服响应慢/处理周期长,1,能不能加急处理？店铺因为同步问题已经停发半天了
R0588,知乎,2025-07-01,3,order_sync,订单漏单/同步延迟,1,Temu有订单系统里没同步过来，怎么手动拉取？
R0926,App Store,2025-06-03,,ad,广告灌水,0,自用店铺转让 带审核 有意私聊
R0067,官方社区,2025-07-19,1,stability,系统卡顿/大促不稳定,0,闪退频繁，打单打到一半闪退，面单号都浪费了，平台扣分扣到肉疼
R0397,官方社区,2025-06-30,1,listing,刊登与商品管理问题,0,客观说一句，小语种翻译机翻味太重，还得自己重新润色，买家天天催发货
R0636,华为应用市场,2025-06-29,3,support,客服响应慢/处理周期长,1,客服远程协助怎么申请？需要开什么权限？
R0089,App Store,2025-03-05,1,logistics,物流单号同步慢/回传失败,0,说实话，ERP显示已发货，Lazada后台还是待发货，单号丢了三单，买家天天催发货
R0054,小红书,2025-08-27,5,praise,正向评价,0,客观说一句，多店铺多平台统一管理，速卖通扩店一点不慌 有没有同款情况的卖家
R0857,知乎,2025-08-01,,ad,广告灌水,0,ERP返现渠道找我 比官方便宜20% 懂的来
R0900,华为应用市场,2025-07-05,,ad,广告灌水,0,刷单测评资源稳如狗 主页有联系方式
R0254,知乎,2025-04-27,5,stability,系统卡顿/大促不稳定,0,Prime Day当天单量翻五倍系统也扛住了，稳定性可以！！！
R0587,官方社区,2025-04-08,5,listing,刊登与商品管理问题,1,怎么把Wish的listing一键搬到另一个店铺？无语了
R0056,App Store,2025-04-17,1,stability,系统卡顿/大促不稳定,0,用了大半年，系统三天两头卡顿，订单工作台转圈半天才打开，老板已经在问我了
R0456,官方社区,2025-04-06,1,inventory,多平台库存不同步/超卖,0,老用户说句公道话，采购在途数量经常算错，备货多备了一倍资金全压货上，退款退到麻木 有没有同款情况的卖家
R0848,App Store,2025-08-06,3,stability,系统卡顿/大促不稳定,0,客观说一句，卡顿有但能接受，希望继续优化服务器 有没有同款情况的卖家
R0771,App Store,2025-03-06,1,finance,对账与财务能力弱,0,月结账单导出来格式乱七八糟，还要二次整理
R0939,小米应用商店,2025-07-04,2,logistics,物流单号同步慢/回传失败,0,物流轨迹更新延迟好几个小时，买家问货到哪了我比他还懵
R0929,知乎,2025-06-17,,ad,广告灌水,0,招跨境运营助理 朝九晚六底薪6k 地点深圳 详情看主页
R0507,小米应用商店,2025-05-25,1,inventory,多平台库存不同步/超卖,0,吐槽一下，TikTok和Lazada共用一个仓库库存，两边对不上只能手动分 #跨境电商
R0646,App Store,2025-08-07,1,finance,对账与财务能力弱,0,多店铺成本混在一起，想算单店利润得自己拼数据！！！
R0273,知乎,2025-07-29,3,inventory,多平台库存不同步/超卖,0,说实话，库存同步基本准，但大促那几分钟会延迟，建议留点缓冲！！！
R0674,App Store,2025-06-06,1,onboarding,上手成本高/引导不足,0,老用户说句公道话，开通好几周了订单都没跑通，也没人主动跟进，买家天天催发货……🤦
R0137,华为应用市场,2025-07-17,5,finance,对账与财务能力弱,0,说实话，以前对账要三天现在半天搞定，财务再也不加班了，老板已经在问我了
R0827,小红书,2025-08-16,1,stability,系统卡顿/大促不稳定,0,小卖家一枚，批量操作必卡死，一次审五百单要加载十分钟，大家注意避坑
R0347,知乎,2025-03-30,5,praise,正向评价,0,用了大半年，仓库从纸单换到PDA拣货，错发率基本归零……
R0112,华为应用市场,2025-04-08,4,praise,正向评价,0,客观说一句，多店铺多平台统一管理，亚马逊扩店一点不慌，大家注意避坑
R0281,App Store,2025-05-11,1,stability,系统卡顿/大促不稳定,0,真的服了，闪退频繁，打单打到一半闪退，面单号都浪费了！！！服了
R0201,小红书,2025-07-06,1,logistics,物流单号同步慢/回传失败,0,物流轨迹更新延迟十几个小时，买家问货到哪了我比他还懵，老板已经在问我了
R0192,官方社区,2025-07-31,1,finance,对账与财务能力弱,0,多店铺成本混在一起，想算单店利润得自己拼数据，平台扣分扣到肉疼
R0783,App Store,2025-08-02,2,logistics,物流单号同步慢/回传失败,0,用了大半年，自定义物流渠道配了一次都不生效，文档也写不清楚，仓库白忙一场
R0787,App Store,2025-03-17,5,praise,正向评价,0,小卖家一枚，免费版就够用，小卖家福音，客服回复也及时，五星
R0536,小米应用商店,2025-04-27,3,support,客服响应慢/处理周期长,1,企业微信群里的技术支持周末有人值班吗？
R0663,官方社区,2025-06-05,1,onboarding,上手成本高/引导不足,0,旺季实测，新手引导基本等于没有，全靠自己摸和问客服 #跨境电商
R0779,官方社区,2025-04-08,2,support,客服响应慢/处理周期长,0,客服响应是真的慢，工单提交一天没人理
R0821,App Store,2025-06-28,3,praise,正向评价,0,说实话，整体满意，小毛病有但迭代能看到在改，继续加油，老板已经在问我了
R0204,小红书,2025-07-25,3,support,客服响应慢/处理周期长,1,客服远程协助怎么申请？需要开什么权限？
R0802,小红书,2025-06-29,2,support,客服响应慢/处理周期长,0,承诺的回电等了一天没人联系我
R0205,官方社区,2025-08-12,5,praise,正向评价,0,小卖家一枚，打单发货一条龙，仓库效率提升明显，老板说今年再加席位
R0673,App Store,2025-03-12,1,support,客服响应慢/处理周期长,0,用了大半年，客服只会让清缓存重启，明显是bug也不承认
R0989,App Store,2025-06-26,1,logistics,物流单号同步慢/回传失败,0,客观说一句，换邮政小包之后单号经常回传失败，要手动一个个补！！！无语了
R0377,知乎,2025-07-22,1,inventory,多平台库存不同步/超卖,0,库存同步延迟太离谱，仓库出完货前台还挂着，有用点个赞
R1045,小红书,2025-06-01,1,listing,刊登与商品管理问题,0,老用户说句公道话，Listing监控形同虚设，跟卖提醒一点不准，老板已经在问我了，同意楼上
R0541,华为应用市场,2025-03-21,3,inventory,多平台库存不同步/超卖,1,FBA仓库存和本地仓库存能合并显示吗？
R0649,官方社区,2025-07-27,4,order_sync,订单漏单/同步延迟,0,老用户说句公道话，漏单遇到过两次，重跑同步就好，希望能自动重试，老板已经在问我了
R1007,知乎,2025-06-20,5,praise,正向评价,0,说实话，手机端查订单看数据方便，出差也能盯店铺，同意楼上
R0382,小红书,2025-05-17,4,praise,正向评价,0,真的服了，整体满意，小毛病有但迭代能看到在改，继续加油……
R0077,官方社区,2025-06-29,5,support,客服响应慢/处理周期长,0,小卖家一枚，专属客户成功经理很负责，大促前主动提醒备货压测，好评，老板已经在问我了
R0444,小红书,2025-07-20,1,listing,刊登与商品管理问题,0,小卖家一枚，Listing监控形同虚设，跟卖提醒一点不准，买家天天催发货
R0156,华为应用市场,2025-04-09,3,listing,刊登与商品管理问题,1,类目映射表在哪里维护？刊登总被退回
R0021,App Store,2025-04-28,1,logistics,物流单号同步慢/回传失败,0,小卖家一枚，换4PX之后单号经常回传失败，要手动一个个补，平台扣分扣到肉疼，老板已经在问我了
R0803,小红书,2025-07-25,5,praise,正向评价,0,多店铺多平台统一管理，TikTok Shop扩店一点不慌……
R0600,华为应用市场,2025-04-17,1,inventory,多平台库存不同步/超卖,0,真的服了，FBA仓和自营仓库存分开看，每次都要自己加总，大促根本不敢放量，大家注意避坑
R0633,官方社区,2025-04-02,5,order_sync,订单漏单/同步延迟,0,真的服了，自动审单规则真香，八成订单不用人工碰
R0240,App Store,2025-07-08,5,inventory,多平台库存不同步/超卖,0,多平台多仓统一管库存之后，再没出现超卖纠纷！！！
R0627,官方社区,2025-04-18,4,praise,正向评价,0,用了大半年，自动化规则省了一个运营人力，光这个年费就回本
R0003,小红书,2025-03-30,1,stability,系统卡顿/大促不稳定,0,页面加载慢得像拨号上网，打开库存页要等十几秒 有没有同款情况的卖家
R0755,官方社区,2025-04-16,1,listing,刊登与商品管理问题,0,Temu类目对不上，刊登被退回说属性缺失，有用点个赞
R1032,小米应用商店,2025-08-12,4,order_sync,订单漏单/同步延迟,1,自动审单规则的优先级怎么排？两条规则冲突怎么办？。。。
R0623,华为应用市场,2025-07-24,4,logistics,物流单号同步慢/回传失败,1,物流超时预警在哪里设置？想让客服提前介入
R0480,官方社区,2025-05-26,2,order_sync,订单漏单/同步延迟,0,TikTok Shop多属性订单同步过来规格全乱，发错颜色十几次，差评警告……
R0101,小米应用商店,2025-06-22,1,stability,系统卡顿/大促不稳定,0,用了大半年，系统三天两头卡顿，订单工作台转圈半天才打开 有没有同款情况的卖家
R0534,小红书,2025-08-11,3,support,客服响应慢/处理周期长,1,企业微信群里的技术支持周末有人值班吗？
R0607,小红书,2025-04-19,1,inventory,多平台库存不同步/超卖,0,用了大半年，Shopee活动锁库存不同步，活动结束就超卖了，半夜还在手动补……
R0811,App Store,2025-03-25,1,logistics,物流单号同步慢/回传失败,0,吐槽一下，自定义物流渠道配了几十次都不生效，文档也写不清楚，买家天天催发货，有用点个赞
R0372,官方社区,2025-03-25,5,finance,对账与财务能力弱,0,旺季实测，利润看板每天自动推，老板手机上就能看赚多少
R0569,知乎,2025-08-16,5,praise,正向评价,0,打单发货一条龙，仓库效率提升明显，老板说今年再加席位，老板已经在问我了
R0074,App Store,2025-05-28,4,praise,正向评价,0,真的服了，用了三年的老用户，功能全更新快，Shopee生意做大一半靠它，真心推荐
R0606,App Store,2025-06-19,4,logistics,物流单号同步慢/回传失败,0,单号回传有延迟但能接受，希望加个回传失败自动重试，老板已经在问我了
R0957,小红书,2025-06-04,4,inventory,多平台库存不同步/超卖,0,客观说一句，功能有但配置复杂，研究了两天才搞懂可售和可用的区别 #跨境电商
R0604,小红书,2025-08-22,4,pricing,价格与收费争议,0,老用户说句公道话，年付折扣可以，客服还帮忙申请了老客户优惠，老板已经在问我了
R0716,App Store,2025-08-27,1,finance,对账与财务能力弱,0,小卖家一枚，财务模块学习成本高，会计研究一周说不如手工表，大家注意避坑
R0896,官方社区,2025-05-21,,ad,广告灌水,0,回收店铺 秒款 长期有效 vx: shopxxxx
R0640,华为应用市场,2025-05-01,5,praise,正向评价,0,求助，系统稳定功能扎实，换了三家ERP最后在云帆安家
R0132,官方社区,2025-04-24,5,praise,正向评价,0,客户成功团队专业，季度回访还给优化建议，不像别家收钱就消失 有没有同款情况的卖家😭
R1003,小红书,2025-03-13,4,stability,系统卡顿/大促不稳定,0,平时挺稳，就是虾皮大促节点会慢一些，避开高峰还行！！！
R0505,官方社区,2025-03-02,2,order_sync,订单漏单/同步延迟,0,老用户说句公道话，异常订单不标红不提醒，混在正常单里差点发错，老板已经在问我了
R0556,官方社区,2025-03-13,5,praise,正向评价,0,老用户说句公道话，系统稳定功能扎实，换了三家ERP最后在云帆安家
R0353,小红书,2025-08-16,2,support,客服响应慢/处理周期长,0,老用户说句公道话，售后工单解决一个问题平均要两天，期间订单发不出去……
R0266,App Store,2025-06-21,4,support,客服响应慢/处理周期长,0,吐槽一下，客服态度还行就是专业度参差，复杂问题得等他们问技术
R0830,知乎,2025-03-25,2,finance,对账与财务能力弱,0,小卖家一枚，利润报表算不准，头程运费和广告费分摊逻辑看不懂，大家注意避坑
R0002,知乎,2025-05-06,1,pricing,价格与收费争议,0,用了大半年，又涨价，老客户一点折扣没有，新用户反而便宜，老板已经在问我了
R0434,App Store,2025-04-19,1,pricing,价格与收费争议,0,说实话，年费比去年贵了将近三成，功能还是那些功能……
R1029,App Store,2025-04-06,4,praise,正向评价,0,中规中矩不出错，跨境工具里算第一梯队 #跨境电商。。。
R0572,华为应用市场,2025-08-30,2,finance,对账与财务能力弱,0,旺季实测，月结账单导出来格式乱七八糟，还要二次整理，大家注意避坑
R0955,知乎,2025-05-26,5,praise,正向评价,0,从选品刊登到发货对账全链路打通，数据不用倒来倒去
R0362,App Store,2025-08-02,2,support,客服响应慢/处理周期长,0,客观说一句，客服响应是真的慢，工单提交半天没人理
R0732,小红书,2025-03-12,5,praise,正向评价,0,多店铺多平台统一管理，Temu扩店一点不慌 有没有同款情况的卖家
R0807,App Store,2025-03-11,1,support,客服响应慢/处理周期长,0,吐槽一下，报错了找客服来回踢皮球，一天没解决
R1026,官方社区,2025-08-29,3,inventory,多平台库存不同步/超卖,1,盘点单审核后差异会自动调整库存吗？啊
R0922,知乎,2025-08-13,,ad,广告灌水,0,推荐一个选品工具比这个好用多了 链接放评论区
R0336,App Store,2025-05-02,3,onboarding,上手成本高/引导不足,0,刚用觉得乱用顺了还好，前两周劝退期挺过去就行
R0568,小红书,2025-05-09,1,logistics,物流单号同步慢/回传失败,0,吐槽一下，面单打出来了单号没同步到Lazada后台，订单状态一直卡着 #跨境电商
R0605,App Store,2025-08-07,5,praise,正向评价,0,用了三年的老用户，功能全更新快，Wish生意做大一半靠它，真心推荐，大家注意避坑
R0149,App Store,2025-03-23,3,logistics,物流单号同步慢/回传失败,1,发货后订单状态多久变成已揽收？能手动触发同步吗？
R0288,小米应用商店,2025-06-15,5,inventory,多平台库存不同步/超卖,0,求助，超卖预警救了我好几次，库存一到阈值自动下架，Temu评分稳了，有用点个赞
R0215,小红书,2025-03-05,5,inventory,多平台库存不同步/超卖,1,两个店铺共用一个仓库，库存怎么设置才能同步扣减？
R0412,小红书,2025-07-03,5,praise,正向评价,0,多店铺多平台统一管理，虾皮扩店一点不慌
R0879,华为应用市场,2025-06-15,,ad,广告灌水,0,自用店铺转让 带审核 有意私聊
R0490,小红书,2025-05-27,2,order_sync,订单漏单/同步延迟,0,用了大半年，Wish订单同步漏单！月底对账发现少了十几单，细思极恐，买家天天催发货
R0256,小米应用商店,2025-05-16,2,inventory,多平台库存不同步/超卖,0,吐槽一下，多仓调拨后库存卡在路上几十天，可用库存数字全乱，半夜还在手动补 #跨境电商
R0333,华为应用市场,2025-07-01,1,order_sync,订单漏单/同步延迟,0,客观说一句，虾皮订单同步漏单！月底对账发现少了十几单，细思极恐，光这个每月损失不少钱，有用点个赞
R0799,App Store,2025-07-08,1,inventory,多平台库存不同步/超卖,0,库存同步延迟太离谱，仓库出完货前台还挂着
R0313,华为应用市场,2025-07-03,1,stability,系统卡顿/大促不稳定,0,说实话，手机端更夸张，查个订单能闪退半次 有没有同款情况的卖家😭
R0399,官方社区,2025-06-18,1,support,客服响应慢/处理周期长,0,客观说一句，客服响应是真的慢，工单提交三天没人理，光这个每月损失不少钱
R0862,小米应用商店,2025-03-30,,ad,广告灌水,0,刷单测评资源稳如狗 主页有联系方式
R0573,官方社区,2025-06-03,3,inventory,多平台库存不同步/超卖,0,库存同步基本准，但大促那几分钟会延迟，建议留点缓冲，老板已经在问我了
R0080,知乎,2025-05-10,5,pricing,价格与收费争议,0,说实话，算下来比雇两个录入的人便宜多了，ROI还是划算的 有没有同款情况的卖家
R0489,华为应用市场,2025-08-29,1,stability,系统卡顿/大促不稳定,0,页面加载慢得像拨号上网，打开库存页要等十几秒
R0686,小红书,2025-08-04,1,pricing,价格与收费争议,0,按席位收费太贵，客服仓库就用个打单也要全价席位，大家注意避坑
R0997,知乎,2025-08-30,5,onboarding,上手成本高/引导不足,1,Shopee授权令牌过期了怎么重新授权？订单会漏吗？
R0643,App Store,2025-07-25,2,logistics,物流单号同步慢/回传失败,0,物流轨迹更新延迟半个小时，买家问货到哪了我比他还懵，平台扣分扣到肉疼
R0280,官方社区,2025-08-16,5,praise,正向评价,0,求助，打单发货一条龙，仓库效率提升明显，老板说今年再加席位！！！
R0212,小红书,2025-06-26,2,logistics,物流单号同步慢/回传失败,0,旺季实测，亚马逊订单换了跟踪号之后系统里不同步，轨迹直接断掉，仓库白忙一场
R0226,小红书,2025-04-07,5,praise,正向评价,0,系统稳定功能扎实，换了三家ERP最后在云帆安家
R0529,知乎,2025-04-08,1,logistics,物流单号同步慢/回传失败,0,用了大半年，亚马逊订单换了跟踪号之后系统里不同步，轨迹直接断掉……
R0723,小米应用商店,2025-06-17,5,praise,正向评价,0,求助，自动化规则省了一个运营人力，光这个年费就回本，大家注意避坑
R0439,知乎,2025-04-28,3,inventory,多平台库存不同步/超卖,0,求助，库存同步基本准，但大促那几分钟会延迟，建议留点缓冲
R0147,小米应用商店,2025-03-30,5,logistics,物流单号同步慢/回传失败,0,客观说一句，云帆对接的物流渠道是真的全，云途一键下单打单很顺，大家注意避坑
R0176,小红书,2025-08-11,5,logistics,物流单号同步慢/回传失败,0,云帆对接的物流渠道是真的全，CNE一键下单打单很顺 有没有同款情况的卖家
R0217,官方社区,2025-03-12,1,order_sync,订单漏单/同步延迟,0,真的服了，TikTok Shop订单同步漏单！月底对账发现少了十几单，细思极恐，大家注意避坑😭
R0319,小米应用商店,2025-04-13,2,onboarding,上手成本高/引导不足,0,求助，新手引导基本等于没有，全靠自己摸和问客服
R0500,官方社区,2025-07-31,2,order_sync,订单漏单/同步延迟,0,说实话，黑五那几天订单堆积同步不过来，手动导单导到怀疑人生，退款退到麻木
R0476,官方社区,2025-08-24,5,inventory,多平台库存不同步/超卖,0,求助，多平台多仓统一管库存之后，再没出现超卖纠纷
R0160,小红书,2025-06-02,5,logistics,物流单号同步慢/回传失败,0,吐槽一下，云帆对接的物流渠道是真的全，4PX一键下单打单很顺，老板已经在问我了
R0359,官方社区,2025-05-19,4,logistics,物流单号同步慢/回传失败,0,求助，批量打单加自动回传，旺季一天三千单也没出错，有用点个赞🤦
R0562,官方社区,2025-08-11,3,finance,对账与财务能力弱,1,退款和平台罚款在利润里怎么体现？
R0721,小红书,2025-07-22,4,onboarding,上手成本高/引导不足,0,吐槽一下，刚用觉得乱用顺了还好，前两周劝退期挺过去就行！！！
R0006,官方社区,2025-08-08,3,pricing,价格与收费争议,0,旺季实测，功能确实多但用不上的也打包收费，希望模块化自选
R0493,官方社区,2025-04-13,5,logistics,物流单号同步慢/回传失败,1,跟踪号换单号了要在哪个页面更新？
R0769,App Store,2025-08-12,5,logistics,物流单号同步慢/回传失败,0,用了大半年，批量打单加自动回传，旺季一天三千单也没出错
R0557,华为应用市场,2025-05-17,5,order_sync,订单漏单/同步延迟,0,真的服了，自动审单规则真香，八成订单不用人工碰 #跨境电商
R0120,华为应用市场,2025-03-16,3,logistics,物流单号同步慢/回传失败,1,发货后订单状态多久变成已揽收？能手动触发同步吗？
R0756,小米应用商店,2025-06-13,1,support,客服响应慢/处理周期长,0,用了大半年，客服响应是真的慢，工单提交一天没人理
R0416,小红书,2025-07-03,1,stability,系统卡顿/大促不稳定,0,真的服了，更新之后bug更多，筛选器失灵数字错位，越更新越难用，大促根本不敢放量，大家注意避坑
R0697,知乎,2025-03-02,3,inventory,多平台库存不同步/超卖,1,库存同步频率在哪里调？能不能按店铺分别设置？
R0401,小红书,2025-08-04,2,support,客服响应慢/处理周期长,0,小卖家一枚，客服只会让清缓存重启，明显是bug也不承认，大家注意避坑🤦
R0306,App Store,2025-08-22,5,praise,正向评价,0,仓库从纸单换到PDA拣货，错发率基本归零 #跨境电商
R0308,小红书,2025-08-30,2,finance,对账与财务能力弱,0,小卖家一枚，多店铺成本混在一起，想算单店利润得自己拼数据，差评警告，大家注意避坑
R0581,官方社区,2025-04-16,3,finance,对账与财务能力弱,1,虾皮平台扣费怎么和订单逐单对账？求操作教程
R0043,App Store,2025-04-14,3,inventory,多平台库存不同步/超卖,1,采购在途数量怎么统计？为什么和供应商发货数对不上？
R0999,知乎,2025-08-28,,ad,广告灌水,0,刷单测评资源稳如狗 主页有联系方式
R0236,华为应用市场,2025-07-08,5,praise,正向评价,0,客观说一句，自动化规则省了一个运营人力，光这个年费就回本 #跨境电商
R0467,App Store,2025-08-21,1,logistics,物流单号同步慢/回传失败,0,老用户说句公道话，物流超时预警根本不触发，等买家投诉才知道包裹卡了，光这个每月损失不少钱服了
R0846,官方社区,2025-03-17,5,praise,正向评价,0,多店铺多平台统一管理，TikTok Shop扩店一点不慌！！！
R0850,小红书,2025-04-07,5,praise,正向评价,0,用了大半年，免费版就够用，小卖家福音，客服回复也及时，五星 #跨境电商
R0560,华为应用市场,2025-05-23,1,pricing,价格与收费争议,0,旺季实测，年费比去年贵了将近三成，功能还是那些功能，买家天天催发货 #跨境电商
R0729,知乎,2025-05-17,2,support,客服响应慢/处理周期长,0,群里@技术支持经常石沉大海，还得私聊CSM催，平台扣分扣到肉疼，大家注意避坑
