customer_id,industry,company_size,plan,seats,annual_amount,signup_date,contract_end,account_manager,archetype,renewal_status,health,tier,logins,active_accounts,seats_m,tickets,avg_resolve_hours,csat,active_modules
C0001,汽摩配件,小微卖家,基础版,13,1560,2023-10-12,2025-03-28,苏芮,healthy,已续约,83.1,健康,166,11,13,3,6.6,4.2,9
C0002,服饰鞋包,中型卖家,专业版,49,10780,2022-10-28,2025-07-20,黄炬,healthy,已续约,69.9,关注,278,36,49,16,4.8,4.8,9
C0003,服饰鞋包,小微卖家,基础版,16,1920,2022-10-09,2025-03-20,林一,sudden_churn,未续约,23.7,高风险,0,0,16,0,0.0,,0
C0004,汽摩配件,小微卖家,基础版,6,720,2023-10-19,2025-04-28,黄炬,healthy,已续约,81.0,健康,36,5,6,1,15.5,4.2,8
C0005,户外运动,中型卖家,基础版,57,6840,2023-08-10,2025-08-28,苏芮,healthy,已续约,71.5,关注,338,43,57,7,11.6,4.1,9
C0006,工业品,小微卖家,旗舰版,18,6480,2023-07-28,2025-03-28,周衡,healthy,已续约,81.0,健康,192,14,18,3,12.1,4.6,9
C0007,美妆个护,小微卖家,专业版,13,2860,2023-10-13,2025-07-28,陈璐,recovered,已续约,83.0,健康,112,11,13,1,10.4,4.2,8
C0008,家居园艺,小微卖家,基础版,12,1440,2024-04-06,2025-07-15,周衡,gradual_decline,未续约,28.1,高风险,0,1,12,0,0.0,,0
C0009,工业品,大卖/品牌方,基础版,71,8520,2023-12-02,2025-08-28,林一,healthy,已续约,71.3,关注,457,56,71,10,11.9,4.5,9
C0010,工业品,中型卖家,专业版,44,9680,2022-03-23,2025-07-20,黄炬,healthy,已续约,82.2,健康,347,31,44,6,7.3,4.2,9
C0011,服饰鞋包,小微卖家,专业版,5,1100,2023-12-29,2025-04-28,黄炬,healthy,已续约,82.7,健康,55,4,5,1,10.1,4.3,9
C0012,美妆个护,小微卖家,基础版,7,840,2022-02-16,2025-07-15,黄炬,healthy,未续约,35.6,高风险,0,1,7,0,0.0,,0
C0013,服饰鞋包,中型卖家,基础版,52,6240,2023-08-26,2025-07-20,黄炬,gradual_decline,未续约,15.6,高风险,0,1,52,0,0.0,,0
C0014,户外运动,中型卖家,专业版,37,8140,2022-02-06,2025-05-28,林一,healthy,已续约,82.8,健康,288,31,37,1,16.2,4.5,9
C0015,家居园艺,中型卖家,专业版,24,5280,2022-03-19,2025-08-28,林一,login_cliff,已续约,11.7,高风险,0,0,24,7,19.1,2.5,1
C0016,户外运动,小微卖家,基础版,6,720,2023-10-01,2025-06-20,苏芮,healthy,已续约,84.5,健康,62,5,6,0,0.0,,9
C0017,3C电子,中型卖家,基础版,44,5280,2022-07-17,2025-08-28,苏芮,healthy,已续约,71.9,关注,337,32,44,3,9.4,4.2,9
C0018,3C电子,小微卖家,基础版,10,1200,2024-06-01,2025-06-28,周衡,login_cliff,未续约,22.1,高风险,0,0,10,0,0.0,,0
C0019,美妆个护,中型卖家,基础版,51,6120,2022-08-12,2025-08-28,陈璐,healthy,已续约,79.2,关注,420,35,51,2,14.7,4.1,9
C0020,家居园艺,中型卖家,专业版,37,8140,2024-04-26,2025-03-28,周衡,healthy,已续约,79.3,关注,206,27,37,5,17.9,4.3,9
C0021,服饰鞋包,中型卖家,基础版,40,4800,2024-05-26,2025-03-20,陈璐,healthy,已续约,70.0,关注,347,31,40,5,10.7,4.6,8
C0022,服饰鞋包,小微卖家,专业版,11,2420,2023-07-26,2025-08-28,林一,healthy,已续约,77.2,关注,45,8,11,3,7.7,4.3,8
C0023,服饰鞋包,中型卖家,基础版,36,4320,2024-04-08,2025-07-20,周衡,ticket_storm,已续约,70.2,关注,283,25,36,2,12.7,4.1,8
C0024,家居园艺,小微卖家,专业版,10,2200,2023-05-25,2025-06-15,周衡,healthy,已续约,81.7,健康,68,8,10,3,14.8,4.6,9
C0025,美妆个护,小微卖家,专业版,14,3080,2022-11-05,2025-06-28,周衡,healthy,已续约,81.6,健康,129,10,14,0,0.0,,9
C0026,美妆个护,小微卖家,专业版,17,3740,2023-10-26,2025-06-20,林一,healthy,已续约,81.7,健康,124,12,17,3,6.8,4.6,9
C0027,家居园艺,中型卖家,专业版,56,12320,2022-08-10,2025-04-28,黄炬,login_cliff,未续约,14.2,高风险,0,0,56,0,0.0,,0
C0028,家居园艺,小微卖家,基础版,18,2160,2024-01-28,2025-07-28,林一,gradual_decline,未续约,26.8,高风险,0,1,18,0,0.0,,0
C0029,服饰鞋包,小微卖家,基础版,9,1080,2022-03-01,2025-07-20,林一,healthy,已续约,82.2,健康,72,7,9,0,0.0,,9
C0030,母婴玩具,大卖/品牌方,基础版,130,15600,2022-05-19,2025-04-15,苏芮,healthy,已续约,70.0,关注,1064,92,130,15,19.5,4.4,8
C0031,服饰鞋包,大卖/品牌方,旗舰版,71,25560,2023-02-09,2025-07-28,陈璐,healthy,已续约,71.0,关注,602,51,71,7,10.7,4.5,9
C0032,美妆个护,中型卖家,基础版,57,6840,2023-07-31,2025-05-28,苏芮,healthy,已续约,73.1,关注,400,42,57,5,7.3,4.8,9
C0033,家居园艺,小微卖家,基础版,8,960,2023-01-11,2025-08-20,黄炬,healthy,已续约,81.2,健康,62,6,8,2,6.4,4.8,9
C0034,家居园艺,中型卖家,旗舰版,46,16560,2022-05-08,2025-06-28,黄炬,healthy,已续约,80.4,健康,294,32,46,4,17.4,4.8,9
C0035,3C电子,中型卖家,基础版,35,4200,2023-03-08,2025-05-20,林一,healthy,已续约,80.6,健康,337,25,35,4,5.8,4.1,9
C0036,3C电子,大卖/品牌方,基础版,123,14760,2022-07-29,2025-04-28,林一,gradual_decline,未续约,14.2,高风险,0,0,123,0,0.0,,0
C0037,美妆个护,中型卖家,基础版,39,4680,2022-08-30,2025-04-20,黄炬,healthy,已续约,69.9,关注,257,28,39,6,5.2,4.3,9
C0038,美妆个护,中型卖家,专业版,51,11220,2023-11-18,2025-06-28,苏芮,healthy,已续约,71.9,关注,386,41,51,6,9.4,4.4,9
C0039,家居园艺,小微卖家,专业版,10,2200,2022-10-25,2025-05-28,苏芮,healthy,已续约,83.0,健康,107,8,10,0,0.0,,9
C0040,母婴玩具,中型卖家,旗舰版,32,11520,2023-06-13,2025-03-20,陈璐,gradual_decline,未续约,23.7,高风险,0,0,32,0,0.0,,0
C0041,家居园艺,中型卖家,基础版,33,3960,2022-01-20,2025-05-20,黄炬,sudden_churn,未续约,14.2,高风险,0,0,33,0,0.0,,0
C0042,美妆个护,小微卖家,基础版,9,1080,2022-06-22,2025-04-28,苏芮,login_cliff,未续约,23.7,高风险,0,0,9,0,0.0,,0
C0043,家居园艺,小微卖家,专业版,18,3960,2023-05-25,2025-03-28,陈璐,healthy,已续约,79.6,关注,148,13,18,1,17.1,4.5,9
C0044,户外运动,中型卖家,旗舰版,52,18720,2023-07-13,2025-08-28,黄炬,healthy,已续约,82.3,健康,310,40,52,3,14.5,,9
C0045,汽摩配件,中型卖家,旗舰版,50,18000,2023-07-16,2025-07-28,黄炬,healthy,已续约,72.3,关注,436,40,50,9,12.1,4.8,8
C0046,3C电子,中型卖家,基础版,45,5400,2023-05-13,2025-08-15,周衡,sudden_churn,已续约,11.7,高风险,1,1,45,6,40.3,1.7,1
C0047,工业品,小微卖家,专业版,19,4180,2024-05-23,2025-07-15,陈璐,ticket_storm,未续约,18.6,高风险,0,1,19,0,0.0,,0
C0048,3C电子,小微卖家,专业版,19,4180,2023-03-17,2025-08-20,黄炬,recovered,已续约,74.8,关注,239,16,19,6,21.2,4.9,8
C0049,工业品,小微卖家,专业版,11,2420,2023-08-08,2025-03-28,周衡,login_cliff,未续约,23.7,高风险,0,0,11,0,0.0,,0
C0050,母婴玩具,大卖/品牌方,专业版,83,18260,2022-02-03,2025-03-28,黄炬,healthy,已续约,70.1,关注,445,63,83,12,7.4,3.8,9
C0051,3C电子,中型卖家,专业版,21,4620,2023-08-15,2025-07-28,黄炬,recovered,已续约,83.6,健康,179,17,21,1,9.2,4.3,8
C0052,户外运动,中型卖家,基础版,56,6720,2022-07-31,2025-03-15,陈璐,gradual_decline,未续约,23.7,高风险,0,0,56,0,0.0,,0
C0053,3C电子,中型卖家,专业版,54,11880,2023-04-23,2025-03-15,周衡,healthy,已续约,72.7,关注,527,42,54,5,5.8,4.4,9
C0054,汽摩配件,中型卖家,基础版,36,4320,2024-02-07,2025-06-28,苏芮,healthy,已续约,78.8,关注,369,24,36,8,6.2,4.3,9
C0055,服饰鞋包,中型卖家,基础版,54,6480,2022-04-14,2025-04-28,黄炬,recovered,已续约,74.1,关注,632,44,54,4,9.1,4.5,8
C0056,3C电子,小微卖家,基础版,11,1320,2023-10-08,2025-05-20,周衡,healthy,已续约,81.0,健康,119,8,11,0,0.0,,9
C0057,服饰鞋包,小微卖家,基础版,19,2280,2022-04-18,2025-06-28,黄炬,healthy,未续约,26.6,高风险,0,0,19,0,0.0,,0
C0058,户外运动,中型卖家,基础版,39,4680,2024-04-03,2025-04-28,陈璐,healthy,已续约,69.5,关注,367,28,39,12,32.2,4.8,9
C0059,服饰鞋包,小微卖家,基础版,7,840,2023-05-15,2025-03-28,周衡,healthy,已续约,81.7,健康,47,5,7,1,19.9,4.3,9
C0060,美妆个护,小微卖家,基础版,18,2160,2024-05-13,2025-08-15,周衡,healthy,已续约,83.5,健康,152,15,18,2,9.4,4.7,9
C0061,服饰鞋包,大卖/品牌方,基础版,114,13680,2023-05-20,2025-04-20,黄炬,healthy,已续约,70.0,关注,1132,78,114,17,6.0,4.9,9
C0062,家居园艺,中型卖家,专业版,44,9680,2023-08-12,2025-03-28,黄炬,healthy,已续约,73.3,关注,246,35,44,5,14.2,4.4,9
C0063,服饰鞋包,小微卖家,旗舰版,8,2880,2022-01-02,2025-04-28,周衡,healthy,已续约,81.4,健康,68,6,8,0,0.0,,8
C0064,户外运动,中型卖家,基础版,54,6480,2023-03-05,2025-08-20,周衡,healthy,已续约,75.6,关注,567,44,54,9,5.7,4.3,9
C0065,母婴玩具,大卖/品牌方,专业版,127,27940,2023-02-28,2025-04-28,周衡,healthy,已续约,68.6,关注,923,91,127,7,5.7,4.6,9
C0066,3C电子,中型卖家,旗舰版,51,18360,2023-04-07,2025-08-28,林一,healthy,已续约,71.4,关注,556,40,51,1,5.3,4.5,9
C0067,工业品,小微卖家,基础版,5,600,2022-02-16,2025-04-28,林一,healthy,已续约,80.7,健康,35,4,5,0,0.0,,9
C0068,家居园艺,中型卖家,基础版,21,2520,2022-02-15,2025-08-28,苏芮,healthy,已续约,80.0,健康,169,16,21,1,5.4,4.1,9
C0069,3C电子,中型卖家,基础版,35,4200,2024-05-29,2025-04-28,陈璐,sudden_churn,未续约,14.2,高风险,0,0,35,0,0.0,,0
C0070,服饰鞋包,小微卖家,基础版,11,1320,2024-02-16,2025-03-28,林一,gradual_decline,未续约,23.7,高风险,0,0,11,0,0.0,,0
C0071,家居园艺,小微卖家,基础版,12,1440,2023-05-12,2025-07-28,黄炬,healthy,已续约,80.8,健康,71,9,12,1,25.4,4.5,9
C0072,服饰鞋包,小微卖家,基础版,18,2160,2023-03-08,2025-08-15,陈璐,healthy,已续约,78.9,关注,100,13,18,4,23.3,4.5,9
C0073,服饰鞋包,大卖/品牌方,基础版,82,9840,2023-03-22,2025-05-20,苏芮,healthy,已续约,68.1,关注,508,62,82,7,12.8,4.2,8
C0074,3C电子,小微卖家,基础版,5,600,2024-04-06,2025-03-28,黄炬,ticket_storm,已续约,57.9,高风险,12,2,5,3,56.1,2.5,8
C0075,3C电子,小微卖家,专业版,7,1540,2023-03-04,2025-04-28,周衡,healthy,已续约,82.6,健康,40,5,7,1,8.9,4.4,9
C0076,美妆个护,中型卖家,基础版,31,3720,2024-02-08,2025-06-15,周衡,healthy,未续约,25.4,高风险,0,0,31,0,0.0,,0
C0077,户外运动,大卖/品牌方,基础版,76,9120,2022-08-12,2025-08-28,周衡,gradual_decline,未续约,31.6,高风险,101,22,76,16,5.1,3.3,2
C0078,美妆个护,大卖/品牌方,基础版,133,15960,2024-01-02,2025-03-28,周衡,healthy,未续约,23.7,高风险,0,0,133,0,0.0,,0
C0079,美妆个护,小微卖家,基础版,16,1920,2023-07-27,2025-04-20,林一,ticket_storm,已续约,52.8,高风险,78,8,16,7,21.0,2.3,8
C0080,3C电子,小微卖家,基础版,15,1800,2022-05-29,2025-06-15,黄炬,healthy,已续约,78.3,关注,118,11,15,3,18.1,4.5,9
C0081,户外运动,小微卖家,旗舰版,15,5400,2022-05-14,2025-06-28,林一,healthy,已续约,81.0,健康,94,11,15,0,0.0,,9
C0082,3C电子,中型卖家,基础版,51,6120,2023-04-02,2025-03-20,陈璐,gradual_decline,已续约,32.5,高风险,99,15,51,14,8.5,3.1,2
C0083,3C电子,大卖/品牌方,专业版,60,13200,2022-12-16,2025-03-28,黄炬,healthy,已续约,69.9,关注,371,42,60,8,11.6,4.0,9
C0084,汽摩配件,中型卖家,专业版,27,5940,2022-09-03,2025-07-28,周衡,healthy,已续约,80.8,健康,260,19,27,5,22.9,4.9,9
C0085,服饰鞋包,中型卖家,专业版,43,9460,2022-06-20,2025-03-28,周衡,sudden_churn,未续约,23.7,高风险,0,0,43,0,0.0,,0
C0086,服饰鞋包,大卖/品牌方,基础版,121,14520,2023-07-04,2025-04-28,周衡,healthy,已续约,68.1,关注,810,90,121,27,12.7,,9
C0087,美妆个护,中型卖家,专业版,35,7700,2022-08-29,2025-07-15,黄炬,healthy,已续约,84.7,健康,328,28,35,6,17.1,4.7,9
C0088,服饰鞋包,中型卖家,基础版,21,2520,2023-12-18,2025-05-28,周衡,healthy,已续约,77.9,关注,113,15,21,5,12.1,4.3,9
C0089,3C电子,大卖/品牌方,基础版,100,12000,2022-05-25,2025-07-28,林一,healthy,已续约,75.9,关注,969,80,100,17,13.2,4.7,9
C0090,工业品,小微卖家,基础版,18,2160,2024-02-13,2025-08-20,陈璐,healthy,已续约,78.1,关注,143,14,18,1,6.4,4.5,8
C0091,家居园艺,中型卖家,旗舰版,28,10080,2023-08-05,2025-05-28,周衡,login_cliff,已续约,26.2,高风险,8,1,28,7,21.5,2.8,3
C0092,户外运动,中型卖家,专业版,57,12540,2023-05-28,2025-05-28,苏芮,login_cliff,未续约,14.2,高风险,0,0,57,0,0.0,,0
C0093,母婴玩具,中型卖家,基础版,56,6720,2022-01-03,2025-04-28,苏芮,healthy,已续约,75.1,关注,434,43,56,11,15.7,,9
C0094,3C电子,大卖/品牌方,基础版,140,16800,2023-10-10,2025-08-20,苏芮,healthy,已续约,74.0,关注,1020,106,140,19,10.6,3.9,9
C0095,服饰鞋包,中型卖家,专业版,35,7700,2022-12-13,2025-05-28,苏芮,healthy,已续约,80.0,健康,176,25,35,7,10.0,,9
C0096,汽摩配件,中型卖家,基础版,33,3960,2022-12-06,2025-05-28,苏芮,healthy,已续约,72.0,关注,303,23,33,5,8.9,4.5,9
C0097,3C电子,中型卖家,基础版,25,3000,2022-01-22,2025-08-15,陈璐,healthy,已续约,84.2,健康,208,21,25,5,17.1,4.6,9
C0098,3C电子,中型卖家,旗舰版,33,11880,2022-09-08,2025-05-28,黄炬,healthy,已续约,71.9,关注,287,24,33,3,10.8,4.9,9
C0099,家居园艺,中型卖家,基础版,27,3240,2022-04-26,2025-03-28,周衡,healthy,已续约,83.4,健康,258,24,27,1,10.8,4.4,8
C0100,工业品,中型卖家,专业版,55,12100,2022-04-10,2025-04-28,林一,healthy,已续约,70.8,关注,660,46,55,9,11.9,4.0,8
C0101,户外运动,大卖/品牌方,旗舰版,89,32040,2022-04-05,2025-08-15,黄炬,sudden_churn,未续约,11.9,高风险,1,2,89,19,8.8,2.2,1
C0102,工业品,小微卖家,基础版,19,2280,2022-10-02,2025-04-28,周衡,healthy,已续约,82.1,健康,171,16,19,2,9.7,,9
C0103,母婴玩具,中型卖家,专业版,23,5060,2023-04-14,2025-03-28,陈璐,healthy,已续约,81.7,健康,271,17,23,2,7.7,,9
C0104,3C电子,大卖/品牌方,专业版,112,24640,2023-10-24,2025-07-28,黄炬,login_cliff,未续约,13.0,高风险,0,3,112,0,0.0,,0
C0105,服饰鞋包,中型卖家,专业版,34,7480,2022-02-08,2025-04-15,黄炬,healthy,已续约,76.4,关注,217,23,34,3,8.9,4.2,9
C0106,3C电子,大卖/品牌方,基础版,98,11760,2022-08-27,2025-04-20,苏芮,healthy,已续约,72.0,关注,715,73,98,9,5.6,,9
C0107,服饰鞋包,小微卖家,基础版,7,840,2024-03-02,2025-07-28,黄炬,recovered,已续约,82.5,健康,49,6,7,1,11.2,4.8,7
C0108,母婴玩具,小微卖家,专业版,15,3300,2022-08-12,2025-04-28,陈璐,healthy,已续约,85.0,健康,147,12,15,4,18.7,4.2,9
C0109,汽摩配件,大卖/品牌方,专业版,76,16720,2022-10-23,2025-06-28,周衡,healthy,已续约,73.8,关注,601,56,76,5,28.8,4.6,9
C0110,家居园艺,中型卖家,基础版,34,4080,2022-04-29,2025-05-28,林一,healthy,已续约,73.6,关注,191,25,34,3,10.2,,9
C0111,家居园艺,大卖/品牌方,基础版,155,18600,2022-12-02,2025-06-20,陈璐,healthy,已续约,73.5,关注,1040,119,155,20,8.5,,9
C0112,服饰鞋包,小微卖家,基础版,7,840,2024-04-05,2025-03-28,黄炬,healthy,已续约,77.9,关注,59,5,7,3,7.8,4.6,8
C0113,家居园艺,小微卖家,专业版,14,3080,2023-08-18,2025-04-20,黄炬,login_cliff,已续约,11.9,高风险,0,0,14,2,28.6,2.6,1
C0114,母婴玩具,中型卖家,专业版,53,11660,2022-05-18,2025-07-20,苏芮,healthy,已续约,75.1,关注,350,44,53,9,15.4,4.2,9
C0115,3C电子,小微卖家,专业版,10,2200,2023-08-15,2025-06-28,苏芮,ticket_storm,未续约,22.1,高风险,0,0,10,0,0.0,,0
C0116,户外运动,小微卖家,旗舰版,12,4320,2023-01-30,2025-04-15,苏芮,sudden_churn,未续约,23.7,高风险,0,0,12,0,0.0,,0
C0117,工业品,小微卖家,基础版,5,600,2022-12-24,2025-05-15,林一,ticket_storm,未续约,23.7,高风险,0,0,5,0,0.0,,0
C0118,3C电子,中型卖家,基础版,26,3120,2024-04-09,2025-06-28,周衡,healthy,已续约,82.5,健康,154,21,26,4,12.5,4.7,9
C0119,家居园艺,中型卖家,专业版,49,10780,2022-03-07,2025-05-15,黄炬,login_cliff,未续约,14.2,高风险,0,0,49,0,0.0,,0
C0120,服饰鞋包,小微卖家,专业版,19,4180,2024-02-01,2025-06-28,黄炬,healthy,已续约,83.0,健康,211,14,19,0,0.0,,9
C0121,汽摩配件,中型卖家,旗舰版,37,13320,2023-02-12,2025-06-15,苏芮,login_cliff,未续约,14.2,高风险,0,0,37,0,0.0,,0
C0122,服饰鞋包,大卖/品牌方,基础版,133,15960,2023-10-27,2025-05-28,黄炬,healthy,已续约,69.6,关注,893,97,133,20,15.6,4.9,9
C0123,户外运动,中型卖家,旗舰版,42,15120,2022-10-25,2025-05-28,苏芮,healthy,已续约,84.9,健康,358,33,42,6,5.5,5.0,9
C0124,服饰鞋包,小微卖家,基础版,8,960,2022-04-24,2025-07-28,陈璐,recovered,已续约,82.6,健康,62,7,8,0,0.0,,8
C0125,美妆个护,中型卖家,基础版,46,5520,2024-03-09,2025-04-20,林一,healthy,已续约,70.7,关注,530,35,46,5,15.1,4.3,8
C0126,户外运动,大卖/品牌方,基础版,151,18120,2023-08-25,2025-04-28,黄炬,gradual_decline,未续约,14.2,高风险,0,0,151,0,0.0,,0
C0127,3C电子,小微卖家,专业版,9,1980,2024-04-02,2025-08-15,陈璐,healthy,已续约,82.1,健康,48,7,9,2,15.5,3.9,9
C0128,家居园艺,中型卖家,旗舰版,43,15480,2023-07-04,2025-07-28,陈璐,login_cliff,未续约,12.9,高风险,0,1,43,0,0.0,,0
C0129,服饰鞋包,大卖/品牌方,基础版,122,14640,2023-02-01,2025-07-28,林一,ticket_storm,已续约,53.4,高风险,427,61,122,78,37.5,2.3,8
C0130,服饰鞋包,大卖/品牌方,专业版,96,21120,2023-02-04,2025-04-20,黄炬,sudden_churn,未续约,14.2,高风险,0,0,96,0,0.0,,0
C0131,服饰鞋包,中型卖家,专业版,54,11880,2023-02-03,2025-06-20,陈璐,healthy,已续约,73.3,关注,350,46,54,14,8.0,4.4,9
C0132,服饰鞋包,大卖/品牌方,旗舰版,91,32760,2024-01-29,2025-08-20,林一,healthy,已续约,71.8,关注,707,68,91,11,10.8,4.5,9
C0133,户外运动,中型卖家,专业版,49,10780,2023-07-18,2025-05-15,陈璐,healthy,已续约,72.7,关注,518,40,49,6,13.9,4.5,9
C0134,美妆个护,小微卖家,基础版,11,1320,2023-06-12,2025-05-28,陈璐,healthy,已续约,78.3,关注,125,8,11,4,11.8,3.8,8
C0135,母婴玩具,大卖/品牌方,基础版,81,9720,2022-11-26,2025-03-28,陈璐,login_cliff,已续约,14.6,高风险,9,2,81,22,19.6,2.6,2
C0136,户外运动,中型卖家,基础版,47,5640,2023-11-28,2025-06-28,林一,healthy,已续约,69.3,关注,375,35,47,5,7.1,4.6,9
C0137,工业品,小微卖家,基础版,10,1200,2022-01-24,2025-05-28,苏芮,login_cliff,未续约,23.7,高风险,0,0,10,0,0.0,,0
C0138,汽摩配件,大卖/品牌方,基础版,153,18360,2022-05-05,2025-06-15,陈璐,healthy,已续约,73.3,关注,1314,111,153,14,10.2,4.2,9
C0139,汽摩配件,中型卖家,基础版,30,3600,2023-10-02,2025-07-28,林一,healthy,已续约,77.3,关注,213,21,30,4,11.3,4.0,9
C0140,服饰鞋包,中型卖家,专业版,31,6820,2023-09-10,2025-07-15,林一,healthy,已续约,79.7,关注,234,22,31,2,9.2,4.8,9
C0141,工业品,中型卖家,基础版,59,7080,2023-09-08,2025-07-28,黄炬,healthy,未续约,26.8,高风险,0,1,59,0,0.0,,0
C0142,服饰鞋包,中型卖家,基础版,28,3360,2022-02-16,2025-05-15,苏芮,healthy,已续约,70.8,关注,252,22,28,3,4.5,4.6,9
C0143,户外运动,中型卖家,专业版,34,7480,2024-04-22,2025-05-28,陈璐,sudden_churn,已续约,12.1,高风险,0,1,34,6,34.1,2.1,1
C0144,户外运动,中型卖家,专业版,28,6160,2024-03-14,2025-04-28,周衡,healthy,已续约,80.7,健康,265,22,28,4,16.6,4.3,9
C0145,3C电子,小微卖家,专业版,18,3960,2022-09-10,2025-03-28,林一,recovered,已续约,74.5,关注,140,15,18,3,13.2,4.8,8
C0146,3C电子,小微卖家,专业版,6,1320,2022-02-01,2025-05-15,苏芮,healthy,已续约,85.6,健康,63,5,6,0,0.0,,9
C0147,3C电子,小微卖家,旗舰版,17,6120,2022-08-30,2025-07-28,周衡,gradual_decline,未续约,28.1,高风险,0,1,17,0,0.0,,0
C0148,母婴玩具,小微卖家,基础版,13,1560,2023-10-27,2025-06-28,陈璐,healthy,已续约,77.7,关注,119,9,13,3,5.2,4.3,9
C0149,家居园艺,中型卖家,专业版,50,11000,2022-10-06,2025-05-28,陈璐,healthy,已续约,73.3,关注,450,39,50,4,17.6,4.5,8
C0150,服饰鞋包,中型卖家,基础版,50,6000,2022-03-19,2025-08-20,林一,sudden_churn,未续约,12.8,高风险,1,1,50,8,21.4,,1
C0151,母婴玩具,小微卖家,旗舰版,7,2520,2024-02-08,2025-03-20,苏芮,healthy,已续约,76.3,关注,67,5,7,1,5.3,4.6,8
C0152,家居园艺,小微卖家,旗舰版,19,6840,2024-05-28,2025-08-20,周衡,healthy,已续约,85.5,健康,157,16,19,2,9.9,4.5,9
C0153,服饰鞋包,中型卖家,基础版,27,3240,2022-08-15,2025-07-28,周衡,login_cliff,已续约,29.8,高风险,16,2,27,2,11.2,2.6,4
C0154,家居园艺,中型卖家,专业版,38,8360,2022-01-24,2025-06-28,黄炬,login_cliff,已续约,12.0,高风险,0,0,38,21,10.2,,1
C0155,家居园艺,小微卖家,基础版,14,1680,2022-08-21,2025-07-28,黄炬,healthy,已续约,82.2,健康,78,10,14,3,22.0,4.4,9
C0156,家居园艺,小微卖家,基础版,6,720,2023-04-15,2025-03-28,周衡,sudden_churn,未续约,23.7,高风险,0,0,6,0,0.0,,0
C0157,美妆个护,小微卖家,基础版,13,1560,2022-01-09,2025-04-28,黄炬,healthy,已续约,82.0,健康,132,9,13,1,3.9,4.5,9
C0158,美妆个护,小微卖家,旗舰版,6,2160,2023-02-27,2025-07-28,黄炬,healthy,已续约,79.3,关注,40,4,6,0,0.0,,9
C0159,3C电子,小微卖家,专业版,19,4180,2023-02-22,2025-04-28,苏芮,healthy,已续约,80.0,健康,134,13,19,1,6.1,4.3,9
C0160,服饰鞋包,小微卖家,基础版,6,720,2023-01-16,2025-06-28,林一,healthy,已续约,79.3,关注,35,4,6,3,8.7,4.1,9
C0161,母婴玩具,小微卖家,基础版,7,840,2022-08-08,2025-03-28,陈璐,healthy,已续约,82.5,健康,64,6,7,2,21.8,4.2,9
C0162,服饰鞋包,中型卖家,基础版,52,6240,2024-03-10,2025-03-20,苏芮,healthy,已续约,71.9,关注,542,36,52,17,9.3,,9
C0163,3C电子,小微卖家,专业版,6,1320,2023-01-02,2025-03-28,黄炬,healthy,已续约,73.6,关注,43,4,6,0,0.0,,8
C0164,户外运动,中型卖家,专业版,25,5500,2024-06-16,2025-05-28,陈璐,healthy,已续约,79.8,关注,192,19,25,2,4.1,4.4,9
C0165,服饰鞋包,大卖/品牌方,专业版,100,22000,2024-04-04,2025-07-20,林一,healthy,已续约,70.8,关注,974,73,100,12,10.2,4.2,9
C0166,工业品,中型卖家,专业版,31,6820,2024-05-23,2025-08-28,黄炬,login_cliff,未续约,26.5,高风险,8,1,31,8,8.9,2.7,3
C0167,美妆个护,小微卖家,基础版,10,1200,2022-07-15,2025-04-20,林一,login_cliff,未续约,23.7,高风险,0,0,10,0,0.0,,0
C0168,母婴玩具,中型卖家,基础版,46,5520,2023-01-03,2025-05-28,黄炬,healthy,已续约,77.6,关注,359,31,46,3,4.5,4.6,9
C0169,汽摩配件,大卖/品牌方,基础版,123,14760,2023-11-27,2025-04-28,周衡,ticket_storm,未续约,14.2,高风险,0,0,123,0,0.0,,0
C0170,家居园艺,中型卖家,专业版,34,7480,2023-05-14,2025-05-28,黄炬,healthy,未续约,23.7,高风险,0,0,34,0,0.0,,0
C0171,服饰鞋包,小微卖家,基础版,10,1200,2023-03-27,2025-07-20,陈璐,login_cliff,未续约,24.5,高风险,0,1,10,0,0.0,,0
C0172,服饰鞋包,中型卖家,专业版,41,9020,2022-08-20,2025-06-20,黄炬,healthy,已续约,74.6,关注,474,32,41,8,10.2,4.4,9
C0173,美妆个护,中型卖家,基础版,57,6840,2023-08-14,2025-08-20,陈璐,login_cliff,未续约,12.8,高风险,5,1,57,17,13.6,,1
C0174,汽摩配件,中型卖家,基础版,44,5280,2022-02-04,2025-08-15,黄炬,gradual_decline,未续约,32.3,高风险,62,14,44,11,18.6,,2
C0175,3C电子,中型卖家,旗舰版,42,15120,2022-08-04,2025-05-28,周衡,gradual_decline,已续约,31.2,高风险,64,13,42,18,13.2,3.2,2
C0176,3C电子,中型卖家,基础版,55,6600,2024-03-01,2025-08-28,黄炬,healthy,已续约,69.8,关注,514,35,55,18,8.2,4.4,9
C0177,服饰鞋包,小微卖家,专业版,13,2860,2022-05-15,2025-05-28,周衡,healthy,已续约,79.5,关注,145,10,13,1,7.5,4.3,9
C0178,工业品,大卖/品牌方,旗舰版,145,52200,2022-06-18,2025-08-28,黄炬,healthy,已续约,71.8,关注,1272,111,145,19,8.3,,9
C0179,服饰鞋包,小微卖家,专业版,18,3960,2023-03-31,2025-05-28,周衡,healthy,已续约,81.8,健康,175,14,18,2,16.1,4.6,9
C0180,工业品,中型卖家,基础版,57,6840,2022-11-29,2025-03-28,林一,gradual_decline,已续约,29.2,高风险,100,16,57,15,12.4,3.2,2
C0181,户外运动,中型卖家,基础版,24,2880,2023-09-28,2025-04-15,黄炬,healthy,已续约,72.0,关注,242,19,24,8,9.5,4.5,9
C0182,3C电子,中型卖家,专业版,37,8140,2023-09-14,2025-06-28,苏芮,healthy,已续约,71.7,关注,386,27,37,2,8.3,4.5,8
C0183,服饰鞋包,中型卖家,基础版,46,5520,2023-06-08,2025-05-20,周衡,login_cliff,未续约,14.2,高风险,0,0,46,0,0.0,,0
C0184,服饰鞋包,小微卖家,基础版,12,1440,2022-11-06,2025-04-28,周衡,ticket_storm,已续约,53.2,高风险,49,6,12,5,22.8,2.5,8
C0185,服饰鞋包,中型卖家,旗舰版,57,20520,2022-08-09,2025-03-28,苏芮,gradual_decline,已续约,29.2,高风险,87,14,57,13,10.9,3.0,2
C0186,母婴玩具,中型卖家,基础版,25,3000,2023-01-23,2025-05-28,陈璐,healthy,已续约,68.2,关注,215,17,25,3,12.1,4.6,9
C0187,工业品,大卖/品牌方,基础版,113,13560,2022-07-03,2025-07-28,陈璐,login_cliff,未续约,14.2,高风险,0,2,113,0,0.0,,0
C0188,汽摩配件,小微卖家,旗舰版,16,5760,2024-01-24,2025-08-28,陈璐,healthy,已续约,82.6,健康,100,14,16,1,11.5,4.2,9
C0189,母婴玩具,小微卖家,专业版,5,1100,2022-03-04,2025-08-20,周衡,healthy,未续约,77.4,关注,32,4,5,0,0.0,,9
C0190,服饰鞋包,小微卖家,基础版,7,840,2024-05-21,2025-04-28,苏芮,healthy,已续约,85.0,健康,68,6,7,1,13.2,5.2,9
C0191,服饰鞋包,大卖/品牌方,基础版,78,9360,2023-08-30,2025-08-28,苏芮,ticket_storm,已续约,53.7,高风险,287,39,78,41,46.6,2.4,8
C0192,母婴玩具,大卖/品牌方,专业版,96,21120,2024-04-29,2025-06-28,黄炬,healthy,已续约,75.0,关注,828,75,96,10,5.8,4.6,9
C0193,家居园艺,中型卖家,旗舰版,51,18360,2022-07-13,2025-08-28,苏芮,healthy,已续约,70.4,关注,446,35,51,10,11.1,4.6,9
C0194,家居园艺,中型卖家,基础版,31,3720,2022-11-22,2025-04-28,林一,healthy,已续约,82.0,健康,302,24,31,4,9.0,4.5,9
C0195,3C电子,中型卖家,基础版,23,2760,2022-06-24,2025-08-20,苏芮,healthy,已续约,79.2,关注,125,16,23,3,15.1,4.3,9
C0196,3C电子,小微卖家,基础版,9,1080,2024-05-28,2025-07-28,陈璐,healthy,已续约,83.5,健康,51,7,9,3,3.7,4.1,9
C0197,汽摩配件,大卖/品牌方,基础版,111,13320,2023-05-22,2025-03-28,林一,healthy,已续约,74.8,关注,591,84,111,12,9.7,4.9,9
C0198,3C电子,小微卖家,专业版,10,2200,2024-04-01,2025-04-28,苏芮,healthy,已续约,79.9,关注,101,7,10,1,14.5,4.1,9
C0199,服饰鞋包,中型卖家,专业版,45,9900,2023-08-10,2025-08-15,黄炬,ticket_storm,已续约,52.5,高风险,208,22,45,5,33.9,2.4,8
C0200,服饰鞋包,小微卖家,基础版,11,1320,2023-01-30,2025-06-20,黄炬,healthy,已续约,81.0,健康,120,8,11,3,7.3,4.4,9
C0201,户外运动,中型卖家,基础版,35,4200,2023-07-09,2025-04-28,苏芮,healthy,已续约,69.7,关注,287,25,35,2,14.5,3.7,9
C0202,美妆个护,小微卖家,基础版,16,1920,2023-10-12,2025-08-28,苏芮,healthy,已续约,79.7,关注,128,11,16,3,12.6,4.6,9
C0203,3C电子,小微卖家,专业版,19,4180,2023-04-23,2025-06-28,周衡,healthy,已续约,85.2,健康,125,15,19,3,10.4,4.2,9
C0204,服饰鞋包,大卖/品牌方,专业版,111,24420,2023-03-07,2025-08-28,黄炬,recovered,已续约,72.2,关注,1104,91,111,12,13.2,4.4,7
C0205,美妆个护,小微卖家,专业版,6,1320,2023-07-05,2025-03-28,黄炬,ticket_storm,未续约,23.7,高风险,0,0,6,0,0.0,,0
C0206,家居园艺,大卖/品牌方,专业版,131,28820,2022-02-24,2025-07-20,苏芮,ticket_storm,未续约,18.1,高风险,0,3,131,0,0.0,,0
C0207,户外运动,小微卖家,专业版,14,3080,2022-06-23,2025-08-15,苏芮,healthy,已续约,84.1,健康,140,12,14,2,8.7,4.3,9
C0208,服饰鞋包,中型卖家,专业版,57,12540,2024-05-14,2025-07-28,周衡,healthy,已续约,72.1,关注,359,47,57,9,12.2,4.1,8
C0209,母婴玩具,中型卖家,专业版,37,8140,2023-03-17,2025-05-28,陈璐,healthy,未续约,23.7,高风险,0,0,37,0,0.0,,0
C0210,户外运动,小微卖家,基础版,10,1200,2023-07-19,2025-03-15,陈璐,healthy,已续约,84.2,健康,109,8,10,0,0.0,,9
C0211,服饰鞋包,小微卖家,旗舰版,18,6480,2023-12-24,2025-03-28,林一,healthy,已续约,80.2,健康,166,14,18,3,20.9,3.9,8
C0212,服饰鞋包,中型卖家,旗舰版,49,17640,2023-11-16,2025-04-15,黄炬,healthy,已续约,73.2,关注,424,41,49,12,4.3,4.5,9
C0213,服饰鞋包,中型卖家,基础版,27,3240,2022-12-17,2025-04-28,陈璐,healthy,已续约,84.6,健康,256,23,27,0,0.0,,9
C0214,3C电子,中型卖家,专业版,25,5500,2022-03-04,2025-05-28,陈璐,healthy,已续约,73.5,关注,201,21,25,5,6.7,4.4,8
C0215,户外运动,中型卖家,基础版,51,6120,2023-01-31,2025-07-28,陈璐,healthy,已续约,72.1,关注,448,41,51,5,7.5,4.3,8
C0216,服饰鞋包,小微卖家,专业版,10,2200,2022-12-19,2025-07-28,黄炬,healthy,已续约,82.1,健康,65,8,10,1,2.3,4.8,9
C0217,服饰鞋包,小微卖家,基础版,16,1920,2022-01-13,2025-05-15,陈璐,healthy,已续约,81.5,健康,133,12,16,1,7.8,,9
C0218,服饰鞋包,小微卖家,专业版,5,1100,2024-04-17,2025-05-28,苏芮,healthy,已续约,79.2,关注,62,4,5,0,0.0,,8
C0219,母婴玩具,大卖/品牌方,专业版,124,27280,2023-02-01,2025-08-20,黄炬,healthy,已续约,72.8,关注,747,96,124,16,6.5,4.5,9
C0220,户外运动,中型卖家,基础版,48,5760,2022-01-15,2025-06-28,周衡,healthy,已续约,74.0,关注,294,38,48,2,6.2,4.1,9
C0221,服饰鞋包,中型卖家,专业版,39,8580,2023-08-02,2025-08-20,林一,healthy,已续约,79.7,关注,220,28,39,2,8.3,4.4,9
C0222,服饰鞋包,中型卖家,专业版,50,11000,2024-06-14,2025-07-20,林一,healthy,已续约,70.2,关注,307,37,50,4,6.2,4.5,9
C0223,服饰鞋包,小微卖家,基础版,18,2160,2024-01-10,2025-06-15,黄炬,login_cliff,未续约,12.8,高风险,0,0,18,0,0.0,,0
C0224,服饰鞋包,中型卖家,基础版,28,3360,2022-06-02,2025-04-28,苏芮,healthy,已续约,83.0,健康,325,22,28,6,10.7,4.4,9
C0225,汽摩配件,小微卖家,专业版,5,1100,2022-01-03,2025-07-15,林一,ticket_storm,已续约,52.9,高风险,14,2,5,2,20.9,2.7,8
C0226,3C电子,中型卖家,基础版,56,6720,2024-04-01,2025-07-28,陈璐,recovered,已续约,74.9,关注,376,46,56,7,3.8,4.7,8
C0227,母婴玩具,小微卖家,基础版,15,1800,2022-11-04,2025-08-28,陈璐,ticket_storm,未续约,50.1,高风险,49,8,15,6,26.6,2.3,8
C0228,服饰鞋包,小微卖家,基础版,16,1920,2023-11-30,2025-06-15,周衡,gradual_decline,未续约,22.1,高风险,0,0,16,0,0.0,,0
C0229,母婴玩具,小微卖家,基础版,10,1200,2023-05-30,2025-06-28,黄炬,login_cliff,未续约,22.3,高风险,0,0,10,0,0.0,,0
C0230,3C电子,小微卖家,专业版,15,3300,2023-12-30,2025-07-28,林一,healthy,已续约,84.6,健康,162,12,15,2,10.8,4.1,9
C0231,户外运动,小微卖家,基础版,10,1200,2022-06-05,2025-04-28,周衡,healthy,已续约,83.8,健康,106,8,10,1,14.7,4.2,9
C0232,家居园艺,大卖/品牌方,专业版,133,29260,2023-09-14,2025-03-20,林一,ticket_storm,未续约,14.2,高风险,0,0,133,0,0.0,,0
C0233,服饰鞋包,大卖/品牌方,基础版,101,12120,2024-06-12,2025-07-28,苏芮,healthy,已续约,71.6,关注,532,73,101,16,9.5,4.6,9
C0234,3C电子,中型卖家,基础版,26,3120,2022-06-16,2025-05-28,陈璐,healthy,已续约,84.7,健康,230,21,26,2,6.4,4.4,9
C0235,户外运动,大卖/品牌方,专业版,88,19360,2023-07-27,2025-04-15,陈璐,healthy,已续约,72.8,关注,464,65,88,21,5.9,4.6,9
C0236,服饰鞋包,小微卖家,旗舰版,12,4320,2022-12-28,2025-08-28,周衡,healthy,已续约,81.0,健康,136,10,12,0,0.0,,9
C0237,服饰鞋包,小微卖家,基础版,17,2040,2023-12-09,2025-06-28,苏芮,healthy,已续约,79.4,关注,126,12,17,3,9.2,4.1,9
C0238,服饰鞋包,大卖/品牌方,旗舰版,84,30240,2024-02-03,2025-03-28,周衡,login_cliff,未续约,23.7,高风险,0,0,84,0,0.0,,0
C0239,母婴玩具,小微卖家,专业版,5,1100,2023-04-29,2025-07-15,林一,healthy,已续约,82.9,健康,38,4,5,0,0.0,,9
C0240,户外运动,大卖/品牌方,专业版,157,34540,2023-02-02,2025-03-20,林一,ticket_storm,未续约,14.2,高风险,0,0,157,0,0.0,,0
C0241,户外运动,中型卖家,专业版,41,9020,2023-07-13,2025-04-28,林一,healthy,已续约,83.2,健康,290,32,41,4,25.6,,9
C0242,服饰鞋包,中型卖家,专业版,40,8800,2023-06-09,2025-08-28,黄炬,healthy,已续约,69.0,关注,194,31,40,1,3.8,4.7,9
C0243,汽摩配件,小微卖家,专业版,16,3520,2022-09-18,2025-07-28,周衡,healthy,已续约,75.8,关注,135,11,16,2,5.6,4.5,8
C0244,3C电子,中型卖家,旗舰版,20,7200,2023-10-12,2025-07-20,林一,healthy,已续约,80.7,健康,178,14,20,1,10.0,4.0,9
C0245,服饰鞋包,中型卖家,专业版,59,12980,2022-03-05,2025-08-28,林一,login_cliff,已续约,23.7,高风险,37,7,59,18,8.5,2.7,5
C0246,服饰鞋包,大卖/品牌方,基础版,111,13320,2023-12-11,2025-06-28,苏芮,healthy,已续约,70.2,关注,1079,78,111,24,15.0,4.1,9
C0247,汽摩配件,小微卖家,专业版,19,4180,2022-07-06,2025-05-28,苏芮,healthy,已续约,82.8,健康,138,14,19,2,10.4,4.2,9
C0248,美妆个护,中型卖家,基础版,38,4560,2022-07-18,2025-08-15,陈璐,healthy,已续约,71.1,关注,399,27,38,8,12.2,4.6,9
C0249,家居园艺,小微卖家,基础版,13,1560,2024-01-07,2025-08-15,林一,healthy,已续约,85.0,健康,109,11,13,1,7.4,,9
C0250,服饰鞋包,大卖/品牌方,基础版,95,11400,2023-11-06,2025-06-28,周衡,healthy,已续约,73.1,关注,614,74,95,23,3.0,3.9,9
C0251,户外运动,大卖/品牌方,基础版,146,17520,2023-05-08,2025-06-28,苏芮,login_cliff,未续约,13.0,高风险,0,0,146,0,0.0,,0
C0252,服饰鞋包,小微卖家,基础版,10,1200,2024-05-12,2025-05-15,林一,recovered,已续约,83.6,健康,83,8,10,1,8.4,4.4,8
C0253,户外运动,中型卖家,专业版,45,9900,2022-04-21,2025-05-28,苏芮,healthy,已续约,69.7,关注,429,34,45,10,7.4,4.4,9
C0254,服饰鞋包,大卖/品牌方,专业版,65,14300,2022-11-11,2025-08-28,林一,healthy,已续约,73.7,关注,595,53,65,9,13.7,4.0,9
C0255,工业品,大卖/品牌方,旗舰版,74,26640,2024-01-14,2025-04-20,林一,healthy,已续约,72.9,关注,761,52,74,10,8.3,4.2,9
C0256,服饰鞋包,小微卖家,基础版,10,1200,2022-03-06,2025-03-20,林一,healthy,已续约,78.8,关注,62,8,10,0,0.0,,8
C0257,3C电子,中型卖家,专业版,22,4840,2022-03-18,2025-07-28,苏芮,healthy,已续约,84.5,健康,240,17,22,1,9.0,4.8,9
C0258,汽摩配件,中型卖家,专业版,57,12540,2023-10-04,2025-05-28,苏芮,ticket_storm,已续约,48.2,高风险,242,28,57,20,23.0,2.6,8
C0259,家居园艺,小微卖家,专业版,10,2200,2023-12-05,2025-04-28,林一,healthy,已续约,83.3,健康,73,8,10,0,0.0,,9
C0260,服饰鞋包,中型卖家,基础版,58,6960,2023-09-10,2025-06-20,黄炬,healthy,已续约,71.3,关注,376,41,58,6,19.8,4.4,9
C0261,户外运动,小微卖家,基础版,6,720,2023-02-12,2025-07-15,黄炬,ticket_storm,已续约,58.6,高风险,35,3,6,3,59.2,2.5,8
C0262,服饰鞋包,中型卖家,基础版,33,3960,2023-05-14,2025-04-15,周衡,healthy,已续约,82.7,健康,229,26,33,2,11.9,,9
C0263,美妆个护,小微卖家,专业版,14,3080,2023-07-10,2025-07-28,苏芮,login_cliff,未续约,23.9,高风险,0,1,14,0,0.0,,0
C0264,3C电子,小微卖家,基础版,11,1320,2022-03-20,2025-08-28,陈璐,recovered,已续约,83.3,健康,135,9,11,2,14.9,4.5,8
C0265,户外运动,小微卖家,专业版,11,2420,2023-02-22,2025-06-28,苏芮,sudden_churn,未续约,21.1,高风险,0,0,11,0,0.0,,0
C0266,家居园艺,中型卖家,专业版,48,10560,2024-04-15,2025-08-28,黄炬,healthy,已续约,66.8,关注,449,33,48,9,5.3,,8
C0267,美妆个护,中型卖家,基础版,41,4920,2023-01-04,2025-06-15,周衡,healthy,已续约,71.2,关注,211,30,41,5,6.8,4.7,9
C0268,汽摩配件,中型卖家,专业版,58,12760,2024-05-15,2025-06-28,周衡,healthy,已续约,77.2,关注,593,46,58,8,19.3,,9
C0269,服饰鞋包,小微卖家,基础版,7,840,2023-08-05,2025-05-28,苏芮,ticket_storm,已续约,62.0,关注,43,4,7,5,34.8,2.3,8
C0270,户外运动,小微卖家,专业版,19,4180,2022-05-19,2025-03-20,黄炬,healthy,已续约,80.9,健康,117,14,19,2,15.3,4.8,9
C0271,美妆个护,小微卖家,专业版,7,1540,2022-10-05,2025-05-28,苏芮,healthy,已续约,80.9,健康,80,6,7,1,11.8,,8
C0272,服饰鞋包,大卖/品牌方,专业版,75,16500,2023-11-12,2025-05-20,陈璐,healthy,已续约,75.3,关注,568,64,75,12,5.8,4.0,9
C0273,服饰鞋包,小微卖家,基础版,19,2280,2023-09-06,2025-04-15,周衡,login_cliff,未续约,14.2,高风险,0,0,19,0,0.0,,0
C0274,工业品,大卖/品牌方,专业版,94,20680,2023-07-30,2025-07-20,周衡,healthy,已续约,71.3,关注,942,73,94,29,8.3,4.7,8
C0275,服饰鞋包,中型卖家,专业版,57,12540,2022-07-22,2025-04-20,周衡,login_cliff,已续约,22.2,高风险,62,8,57,9,14.4,2.5,4
C0276,工业品,大卖/品牌方,旗舰版,118,42480,2023-12-20,2025-08-28,林一,gradual_decline,未续约,28.9,高风险,144,30,118,28,11.9,3.0,2
C0277,家居园艺,中型卖家,专业版,32,7040,2023-06-03,2025-06-28,周衡,healthy,已续约,70.2,关注,202,24,32,9,16.0,4.4,8
C0278,户外运动,小微卖家,基础版,12,1440,2022-04-25,2025-05-28,周衡,healthy,已续约,82.6,健康,98,9,12,0,0.0,,9
C0279,家居园艺,小微卖家,专业版,17,3740,2024-06-05,2025-06-28,林一,healthy,已续约,81.2,健康,158,14,17,2,19.1,4.4,9
C0280,服饰鞋包,小微卖家,专业版,18,3960,2022-09-05,2025-07-28,林一,healthy,已续约,82.7,健康,142,14,18,1,12.3,4.3,9
C0281,美妆个护,小微卖家,专业版,5,1100,2022-04-03,2025-03-28,苏芮,ticket_storm,已续约,54.7,高风险,17,2,5,2,26.0,2.4,8
C0282,家居园艺,小微卖家,基础版,11,1320,2023-12-24,2025-06-20,林一,healthy,已续约,79.6,关注,82,8,11,4,15.1,4.5,9
C0283,3C电子,大卖/品牌方,专业版,61,13420,2023-09-06,2025-03-20,陈璐,gradual_decline,未续约,23.7,高风险,0,0,61,0,0.0,,0
C0284,美妆个护,中型卖家,专业版,58,12760,2024-05-07,2025-08-28,周衡,healthy,已续约,74.3,关注,573,50,58,2,11.8,4.3,9
C0285,家居园艺,小微卖家,基础版,9,1080,2023-10-23,2025-03-28,陈璐,gradual_decline,未续约,23.7,高风险,0,0,9,0,0.0,,0
C0286,户外运动,小微卖家,基础版,13,1560,2023-08-03,2025-04-15,苏芮,healthy,已续约,76.2,关注,118,9,13,3,21.9,3.9,9
C0287,母婴玩具,中型卖家,基础版,51,6120,2024-02-18,2025-05-15,苏芮,gradual_decline,未续约,14.2,高风险,0,0,51,0,0.0,,0
C0288,服饰鞋包,小微卖家,基础版,13,1560,2023-02-14,2025-03-28,林一,gradual_decline,未续约,23.7,高风险,0,0,13,0,0.0,,0
C0289,母婴玩具,大卖/品牌方,基础版,77,9240,2023-07-02,2025-08-28,林一,healthy,已续约,71.3,关注,436,62,77,18,6.0,,9
C0290,汽摩配件,大卖/品牌方,基础版,147,17640,2023-11-18,2025-07-20,林一,recovered,已续约,74.1,关注,1776,121,147,12,5.9,4.1,8
C0291,工业品,中型卖家,基础版,56,6720,2022-03-02,2025-08-28,苏芮,gradual_decline,未续约,28.6,高风险,94,14,56,7,5.6,3.2,2
C0292,美妆个护,小微卖家,专业版,12,2640,2022-05-19,2025-06-15,苏芮,healthy,已续约,78.4,关注,67,9,12,3,4.9,4.8,8
C0293,户外运动,中型卖家,专业版,23,5060,2023-10-13,2025-06-28,陈璐,sudden_churn,未续约,21.5,高风险,0,0,23,0,0.0,,0
C0294,工业品,中型卖家,基础版,58,6960,2022-06-07,2025-05-28,苏芮,healthy,已续约,82.7,健康,610,47,58,5,6.0,4.5,9
C0295,汽摩配件,中型卖家,基础版,38,4560,2024-05-02,2025-08-15,陈璐,healthy,已续约,82.6,健康,280,29,38,1,4.6,4.7,9
C0296,母婴玩具,小微卖家,专业版,12,2640,2024-04-14,2025-03-28,林一,healthy,已续约,83.4,健康,127,10,12,0,0.0,,9
C0297,工业品,小微卖家,基础版,15,1800,2023-08-27,2025-07-20,陈璐,healthy,已续约,81.7,健康,165,12,15,3,7.0,,9
C0298,3C电子,中型卖家,专业版,25,5500,2022-09-14,2025-06-28,林一,healthy,已续约,84.4,健康,166,19,25,4,10.3,,9
C0299,家居园艺,中型卖家,基础版,53,6360,2023-12-22,2025-08-28,苏芮,healthy,已续约,69.1,关注,320,38,53,6,9.9,4.2,9
C0300,3C电子,大卖/品牌方,专业版,88,19360,2022-05-08,2025-04-28,林一,gradual_decline,未续约,14.2,高风险,0,0,88,0,0.0,,0
C0301,3C电子,小微卖家,基础版,15,1800,2022-07-08,2025-05-15,周衡,healthy,已续约,82.5,健康,90,12,15,0,0.0,,9
C0302,家居园艺,小微卖家,基础版,15,1800,2023-07-07,2025-04-28,陈璐,healthy,未续约,23.7,高风险,0,0,15,0,0.0,,0
C0303,3C电子,小微卖家,基础版,14,1680,2022-10-30,2025-05-28,陈璐,login_cliff,已续约,23.7,高风险,0,0,14,5,21.1,2.7,2
C0304,母婴玩具,小微卖家,专业版,8,1760,2023-06-19,2025-03-28,苏芮,gradual_decline,未续约,23.7,高风险,0,0,8,0,0.0,,0
C0305,服饰鞋包,小微卖家,基础版,12,1440,2022-03-29,2025-07-20,黄炬,healthy,已续约,78.2,关注,104,9,12,1,4.6,4.0,8
C0306,3C电子,中型卖家,专业版,56,12320,2022-09-14,2025-07-15,周衡,healthy,已续约,71.7,关注,345,48,56,6,6.0,4.4,9
C0307,汽摩配件,大卖/品牌方,基础版,123,14760,2022-11-26,2025-05-20,周衡,healthy,已续约,73.3,关注,1249,96,123,19,13.4,4.3,8
C0308,3C电子,小微卖家,旗舰版,7,2520,2022-01-15,2025-03-28,林一,ticket_storm,未续约,23.7,高风险,0,0,7,0,0.0,,0
C0309,服饰鞋包,中型卖家,旗舰版,53,19080,2022-09-19,2025-05-28,林一,healthy,已续约,81.4,健康,391,44,53,4,24.0,4.8,9
C0310,3C电子,大卖/品牌方,基础版,138,16560,2023-03-30,2025-03-28,周衡,login_cliff,未续约,14.2,高风险,0,0,138,0,0.0,,0
C0311,汽摩配件,中型卖家,旗舰版,36,12960,2024-05-26,2025-04-20,周衡,healthy,已续约,85.1,健康,312,31,36,3,6.3,4.3,9
C0312,母婴玩具,小微卖家,基础版,11,1320,2024-02-09,2025-08-28,陈璐,healthy,已续约,81.7,健康,119,8,11,0,0.0,,9
C0313,工业品,小微卖家,基础版,12,1440,2022-06-29,2025-03-28,陈璐,healthy,已续约,83.3,健康,137,10,12,1,16.6,4.3,9
C0314,服饰鞋包,中型卖家,基础版,40,4800,2023-08-31,2025-05-28,周衡,healthy,已续约,83.0,健康,267,33,40,1,9.5,4.7,9
C0315,服饰鞋包,中型卖家,专业版,34,7480,2023-08-11,2025-05-28,黄炬,healthy,已续约,69.1,关注,320,24,34,9,12.9,,8
C0316,家居园艺,小微卖家,旗舰版,11,3960,2022-11-05,2025-07-28,周衡,healthy,已续约,84.3,健康,130,9,11,0,0.0,,9
C0317,3C电子,小微卖家,专业版,12,2640,2022-11-06,2025-03-28,黄炬,healthy,已续约,81.1,健康,90,9,12,1,6.7,,9
C0318,汽摩配件,中型卖家,专业版,36,7920,2023-10-05,2025-07-20,周衡,healthy,已续约,82.1,健康,408,27,36,5,5.7,4.9,9
C0319,3C电子,中型卖家,专业版,33,7260,2023-12-05,2025-04-28,苏芮,healthy,未续约,23.7,高风险,0,0,33,0,0.0,,0
C0320,3C电子,大卖/品牌方,基础版,85,10200,2022-02-05,2025-08-28,苏芮,healthy,已续约,69.1,关注,696,61,85,6,27.1,4.3,9
C0321,服饰鞋包,小微卖家,基础版,8,960,2022-09-03,2025-04-20,陈璐,ticket_storm,未续约,23.7,高风险,0,0,8,0,0.0,,0
C0322,服饰鞋包,小微卖家,基础版,9,1080,2022-03-22,2025-06-28,陈璐,healthy,已续约,83.1,健康,97,7,9,3,8.1,4.0,9
C0323,户外运动,大卖/品牌方,旗舰版,80,28800,2022-02-10,2025-06-15,周衡,healthy,已续约,81.9,健康,870,63,80,9,18.9,4.2,9
C0324,服饰鞋包,中型卖家,专业版,49,10780,2024-01-30,2025-05-20,林一,sudden_churn,未续约,14.2,高风险,0,0,49,0,0.0,,0
C0325,户外运动,中型卖家,基础版,37,4440,2022-03-03,2025-08-28,林一,healthy,已续约,80.6,健康,386,28,37,6,10.3,4.3,9
C0326,工业品,中型卖家,基础版,31,3720,2023-08-14,2025-03-28,苏芮,healthy,已续约,81.3,健康,236,23,31,1,6.7,4.5,9
C0327,户外运动,中型卖家,旗舰版,50,18000,2022-11-10,2025-03-15,陈璐,ticket_storm,已续约,53.7,高风险,176,25,50,12,21.8,,8
C0328,服饰鞋包,小微卖家,基础版,11,1320,2022-08-27,2025-08-28,黄炬,healthy,已续约,79.2,关注,84,8,11,1,10.9,4.5,9
C0329,母婴玩具,小微卖家,旗舰版,11,3960,2024-04-05,2025-05-15,陈璐,ticket_storm,已续约,64.0,关注,42,6,11,5,24.1,2.4,8
C0330,家居园艺,小微卖家,基础版,10,1200,2023-03-29,2025-03-28,苏芮,gradual_decline,未续约,23.7,高风险,0,0,10,0,0.0,,0
C0331,家居园艺,小微卖家,专业版,10,2200,2024-05-18,2025-04-15,黄炬,healthy,已续约,85.6,健康,64,8,10,0,0.0,,9
C0332,户外运动,大卖/品牌方,专业版,76,16720,2022-05-08,2025-08-28,周衡,healthy,已续约,71.8,关注,606,56,76,14,8.6,4.7,9
C0333,母婴玩具,中型卖家,基础版,26,3120,2022-05-30,2025-08-20,林一,healthy,已续约,82.4,健康,314,19,26,3,13.7,4.5,9
C0334,家居园艺,中型卖家,基础版,33,3960,2023-06-23,2025-04-20,林一,healthy,已续约,72.1,关注,319,25,33,12,23.7,4.5,9
C0335,家居园艺,小微卖家,专业版,6,1320,2022-12-08,2025-03-28,黄炬,healthy,已续约,79.5,关注,32,4,6,0,0.0,,9
C0336,汽摩配件,小微卖家,基础版,6,720,2023-06-13,2025-05-15,周衡,healthy,已续约,79.5,关注,59,5,6,1,12.2,4.0,9
C0337,3C电子,小微卖家,旗舰版,11,3960,2023-11-19,2025-05-28,黄炬,healthy,已续约,83.9,健康,86,9,11,1,9.0,4.5,9
C0338,家居园艺,大卖/品牌方,基础版,149,17880,2022-04-13,2025-06-20,苏芮,login_cliff,未续约,14.0,高风险,0,0,149,0,0.0,,0
C0339,服饰鞋包,小微卖家,专业版,19,4180,2023-10-26,2025-05-28,林一,healthy,已续约,82.4,健康,202,15,19,1,12.6,,9
C0340,汽摩配件,小微卖家,专业版,14,3080,2022-03-02,2025-06-28,林一,healthy,已续约,81.1,健康,120,10,14,3,11.6,,9
C0341,服饰鞋包,中型卖家,基础版,46,5520,2023-12-21,2025-08-20,苏芮,healthy,已续约,80.1,健康,277,36,46,1,5.7,4.3,9
C0342,母婴玩具,小微卖家,基础版,19,2280,2022-11-28,2025-08-28,周衡,healthy,已续约,72.0,关注,173,16,19,3,18.4,4.8,8
C0343,3C电子,小微卖家,基础版,9,1080,2023-08-22,2025-05-28,林一,healthy,已续约,84.8,健康,120,8,9,0,0.0,,9
C0344,服饰鞋包,中型卖家,基础版,29,3480,2022-11-07,2025-07-28,黄炬,healthy,已续约,76.3,关注,183,21,29,4,13.7,4.2,9
C0345,服饰鞋包,中型卖家,旗舰版,50,18000,2022-09-27,2025-06-28,黄炬,healthy,已续约,70.9,关注,371,34,50,5,8.7,4.6,9
C0346,户外运动,小微卖家,基础版,19,2280,2023-09-21,2025-06-20,黄炬,healthy,已续约,82.2,健康,176,15,19,3,13.3,4.8,9
C0347,3C电子,中型卖家,基础版,38,4560,2023-09-26,2025-07-28,周衡,healthy,已续约,74.0,关注,284,29,38,7,4.9,,9
C0348,户外运动,大卖/品牌方,专业版,152,33440,2023-07-06,2025-05-15,周衡,healthy,已续约,74.2,关注,1461,111,152,9,7.5,4.8,9
C0349,母婴玩具,小微卖家,专业版,17,3740,2023-10-01,2025-04-28,黄炬,ticket_storm,未续约,23.7,高风险,0,0,17,0,0.0,,0
C0350,美妆个护,小微卖家,基础版,18,2160,2022-11-02,2025-07-15,陈璐,healthy,已续约,82.5,健康,129,14,18,5,9.4,4.0,9
C0351,3C电子,大卖/品牌方,专业版,80,17600,2022-03-16,2025-04-28,陈璐,healthy,已续约,75.3,关注,683,66,80,11,12.5,4.3,9
C0352,工业品,中型卖家,专业版,28,6160,2022-10-04,2025-06-28,苏芮,gradual_decline,已续约,37.6,高风险,23,6,28,0,0.0,,2
C0353,户外运动,小微卖家,基础版,5,600,2024-05-09,2025-07-20,黄炬,healthy,已续约,81.6,健康,41,4,5,0,0.0,,9
C0354,户外运动,中型卖家,专业版,54,11880,2023-01-28,2025-03-28,苏芮,healthy,已续约,81.3,健康,542,39,54,4,7.1,4.5,9
C0355,服饰鞋包,中型卖家,旗舰版,40,14400,2023-07-11,2025-08-20,林一,gradual_decline,已续约,30.6,高风险,90,11,40,13,9.6,3.2,2
C0356,服饰鞋包,小微卖家,基础版,7,840,2022-09-16,2025-04-28,林一,recovered,未续约,23.7,高风险,0,0,7,0,0.0,,0
C0357,家居园艺,大卖/品牌方,基础版,136,16320,2024-05-07,2025-03-28,周衡,healthy,已续约,74.5,关注,887,108,136,27,7.4,4.3,9
C0358,3C电子,小微卖家,旗舰版,9,3240,2022-07-08,2025-03-28,林一,healthy,已续约,77.9,关注,74,6,9,1,15.0,4.3,9
C0359,家居园艺,中型卖家,基础版,42,5040,2022-10-09,2025-07-28,林一,gradual_decline,已续约,29.8,高风险,70,11,42,12,6.0,3.1,2
C0360,服饰鞋包,中型卖家,旗舰版,53,19080,2022-11-29,2025-06-28,苏芮,healthy,已续约,75.4,关注,590,42,53,4,9.1,4.6,9
C0361,3C电子,小微卖家,专业版,6,1320,2024-05-03,2025-04-28,苏芮,healthy,已续约,79.2,关注,44,5,6,0,0.0,,9
C0362,3C电子,大卖/品牌方,专业版,67,14740,2022-03-22,2025-04-28,黄炬,sudden_churn,未续约,23.7,高风险,0,0,67,0,0.0,,0
C0363,母婴玩具,小微卖家,专业版,5,1100,2023-11-23,2025-05-28,苏芮,login_cliff,已续约,23.8,高风险,0,0,5,2,30.9,,2
C0364,家居园艺,中型卖家,旗舰版,36,12960,2022-05-16,2025-06-20,黄炬,healthy,已续约,72.7,关注,245,28,36,2,6.7,4.4,9
C0365,家居园艺,大卖/品牌方,专业版,65,14300,2024-04-06,2025-07-15,陈璐,login_cliff,未续约,13.0,高风险,0,2,65,0,0.0,,0
C0366,服饰鞋包,小微卖家,专业版,8,1760,2023-02-21,2025-05-28,苏芮,healthy,已续约,81.3,健康,61,7,8,1,10.1,4.2,9
C0367,服饰鞋包,小微卖家,基础版,9,1080,2023-12-27,2025-08-28,苏芮,healthy,已续约,82.6,健康,80,7,9,1,8.3,4.3,9
C0368,3C电子,中型卖家,专业版,23,5060,2022-08-02,2025-05-28,周衡,healthy,已续约,81.1,健康,180,17,23,3,20.0,4.3,9
C0369,3C电子,中型卖家,旗舰版,20,7200,2022-08-31,2025-03-28,苏芮,login_cliff,未续约,23.7,高风险,0,0,20,0,0.0,,0
C0370,3C电子,中型卖家,专业版,53,11660,2022-11-20,2025-06-28,陈璐,ticket_storm,未续约,12.8,高风险,0,0,53,0,0.0,,0
C0371,工业品,小微卖家,基础版,13,1560,2023-03-30,2025-03-28,周衡,healthy,已续约,83.6,健康,126,10,13,0,0.0,,9
C0372,美妆个护,中型卖家,专业版,38,8360,2024-03-14,2025-05-20,陈璐,healthy,已续约,85.2,健康,357,31,38,4,7.9,4.3,9
C0373,家居园艺,小微卖家,基础版,8,960,2023-04-26,2025-08-28,苏芮,healthy,已续约,84.3,健康,58,6,8,2,7.0,,9
C0374,工业品,小微卖家,专业版,18,3960,2023-03-15,2025-05-28,陈璐,ticket_storm,未续约,23.7,高风险,0,0,18,0,0.0,,0
C0375,家居园艺,小微卖家,旗舰版,8,2880,2023-11-18,2025-03-28,林一,gradual_decline,未续约,23.7,高风险,0,0,8,0,0.0,,0
C0376,户外运动,小微卖家,旗舰版,18,6480,2023-10-16,2025-03-28,林一,ticket_storm,已续约,50.5,高风险,98,9,18,6,23.9,2.2,8
C0377,美妆个护,中型卖家,专业版,47,10340,2024-03-13,2025-07-20,周衡,healthy,已续约,72.1,关注,393,36,47,12,12.8,4.5,9
C0378,服饰鞋包,中型卖家,旗舰版,22,7920,2023-06-13,2025-04-15,周衡,healthy,已续约,82.9,健康,231,16,22,3,11.3,4.6,10
C0379,户外运动,大卖/品牌方,基础版,103,12360,2022-01-06,2025-04-15,周衡,login_cliff,未续约,14.2,高风险,0,0,103,0,0.0,,0
C0380,家居园艺,中型卖家,基础版,39,4680,2022-12-30,2025-08-28,苏芮,healthy,已续约,69.7,关注,263,29,39,6,12.9,4.7,9
C0381,美妆个护,中型卖家,专业版,43,9460,2022-09-14,2025-12-15,苏芮,gradual_decline,待续约,32.8,高风险,80,13,43,8,10.5,,2
C0382,家居园艺,中型卖家,基础版,24,2880,2022-09-03,2025-12-28,黄炬,login_cliff,待续约,33.3,高风险,19,4,24,7,18.5,2.4,4
C0383,美妆个护,小微卖家,专业版,18,3960,2022-06-13,2025-09-28,苏芮,sudden_churn,待续约,20.5,高风险,0,0,18,1,32.4,1.9,1
C0384,母婴玩具,中型卖家,专业版,31,6820,2022-11-01,2025-11-28,黄炬,healthy,待续约,80.1,健康,208,23,31,5,9.8,4.4,8
C0385,户外运动,中型卖家,基础版,54,6480,2022-10-25,2025-09-15,林一,healthy,待续约,72.9,关注,436,42,54,10,3.8,4.7,9
C0386,3C电子,小微卖家,旗舰版,10,3600,2023-03-31,2025-12-28,黄炬,healthy,待续约,79.4,关注,57,7,10,2,10.0,4.3,9
C0387,服饰鞋包,中型卖家,基础版,24,2880,2024-01-23,2025-12-20,黄炬,healthy,待续约,85.1,健康,231,19,24,4,6.2,4.5,9
C0388,3C电子,中型卖家,旗舰版,27,9720,2022-12-28,2025-09-28,黄炬,healthy,待续约,83.6,健康,204,20,27,5,16.6,4.3,9
C0389,汽摩配件,中型卖家,专业版,56,12320,2023-08-02,2025-09-15,黄炬,healthy,待续约,74.8,关注,352,43,56,12,16.0,4.5,9
C0390,家居园艺,小微卖家,专业版,16,3520,2024-05-05,2025-10-20,苏芮,healthy,待续约,85.2,健康,137,13,16,1,12.2,4.3,9
C0391,3C电子,大卖/品牌方,旗舰版,87,31320,2022-02-20,2025-11-15,苏芮,healthy,待续约,72.7,关注,576,69,87,12,4.1,4.6,9
C0392,家居园艺,小微卖家,基础版,8,960,2022-03-29,2025-11-28,陈璐,healthy,待续约,79.1,关注,44,6,8,0,0.0,,9
C0393,3C电子,小微卖家,专业版,17,3740,2024-06-14,2025-09-28,林一,ticket_storm,待续约,57.6,高风险,67,8,17,9,17.7,2.3,8
C0394,家居园艺,小微卖家,专业版,9,1980,2024-03-31,2025-10-28,黄炬,healthy,待续约,79.5,关注,80,6,9,1,13.6,4.7,9
C0395,汽摩配件,中型卖家,专业版,56,12320,2023-04-30,2025-11-15,苏芮,healthy,待续约,67.2,关注,293,38,56,16,10.0,4.4,9
C0396,美妆个护,小微卖家,旗舰版,18,6480,2023-06-12,2025-09-15,林一,healthy,待续约,80.0,健康,199,14,18,4,10.3,4.7,8
C0397,3C电子,中型卖家,专业版,35,7700,2022-01-01,2025-10-28,陈璐,healthy,待续约,70.2,关注,211,25,35,5,12.6,,9
C0398,服饰鞋包,中型卖家,基础版,21,2520,2024-05-22,2025-10-28,苏芮,healthy,待续约,84.3,健康,166,17,21,3,6.9,4.6,9
C0399,服饰鞋包,中型卖家,专业版,32,7040,2022-04-09,2025-11-15,黄炬,healthy,待续约,67.1,关注,227,23,32,6,10.5,4.5,9
C0400,服饰鞋包,中型卖家,基础版,29,3480,2022-08-25,2025-10-28,黄炬,ticket_storm,待续约,48.4,高风险,103,14,29,17,9.5,2.4,8
C0401,美妆个护,中型卖家,专业版,21,4620,2022-08-12,2025-11-15,苏芮,healthy,待续约,78.6,关注,196,15,21,3,2.2,4.4,8
C0402,服饰鞋包,小微卖家,基础版,11,1320,2023-08-13,2025-09-20,陈璐,healthy,待续约,84.6,健康,96,9,11,1,13.2,4.2,9
C0403,家居园艺,中型卖家,专业版,20,4400,2022-11-30,2025-11-28,苏芮,gradual_decline,待续约,43.0,高风险,40,6,20,5,9.6,3.0,2
C0404,美妆个护,大卖/品牌方,基础版,73,8760,2024-04-13,2025-10-28,陈璐,healthy,待续约,74.6,关注,793,61,73,6,12.8,4.3,9
C0405,3C电子,小微卖家,基础版,17,2040,2023-06-26,2025-10-20,陈璐,healthy,待续约,84.0,健康,153,15,17,2,8.6,,9
C0406,3C电子,中型卖家,基础版,54,6480,2023-11-22,2025-11-20,苏芮,sudden_churn,待续约,11.6,高风险,1,1,54,12,15.5,1.9,1
C0407,3C电子,小微卖家,旗舰版,14,5040,2023-03-23,2025-09-28,周衡,healthy,待续约,80.8,健康,99,10,14,2,18.9,4.1,9
C0408,汽摩配件,大卖/品牌方,基础版,143,17160,2023-08-24,2025-11-28,苏芮,healthy,待续约,68.5,关注,1143,105,143,12,13.7,4.2,9
C0409,3C电子,小微卖家,专业版,16,3520,2023-12-25,2025-09-15,苏芮,recovered,待续约,83.8,健康,156,13,16,1,4.6,4.6,8
C0410,服饰鞋包,大卖/品牌方,专业版,112,24640,2023-03-20,2025-10-15,林一,healthy,待续约,69.0,关注,962,85,112,8,12.3,4.0,9
C0411,家居园艺,小微卖家,旗舰版,9,3240,2023-05-18,2025-12-20,黄炬,ticket_storm,待续约,59.8,高风险,47,4,9,6,46.7,2.6,8
C0412,母婴玩具,大卖/品牌方,基础版,118,14160,2024-04-18,2025-12-28,林一,healthy,待续约,71.6,关注,1083,86,118,20,19.6,4.6,9
C0413,家居园艺,小微卖家,基础版,11,1320,2023-08-26,2025-09-20,林一,healthy,待续约,86.2,健康,114,9,11,0,0.0,,9
C0414,家居园艺,大卖/品牌方,专业版,129,28380,2023-04-14,2025-09-28,陈璐,healthy,待续约,71.1,关注,1461,96,129,14,4.4,3.8,9
C0415,服饰鞋包,中型卖家,基础版,38,4560,2023-10-04,2025-11-20,苏芮,sudden_churn,待续约,11.8,高风险,1,1,38,2,11.0,2.0,1
C0416,家居园艺,大卖/品牌方,基础版,142,17040,2024-03-04,2025-10-15,黄炬,healthy,待续约,69.2,关注,1174,96,142,28,5.6,4.7,9
C0417,美妆个护,中型卖家,旗舰版,51,18360,2022-06-09,2025-10-28,黄炬,healthy,待续约,68.2,关注,335,36,51,4,7.5,3.9,9
C0418,户外运动,中型卖家,旗舰版,28,10080,2022-12-21,2025-10-28,周衡,login_cliff,待续约,21.6,高风险,0,0,28,6,13.1,2.6,1
C0419,服饰鞋包,中型卖家,基础版,24,2880,2024-04-01,2025-10-28,陈璐,healthy,待续约,83.6,健康,139,20,24,4,13.3,4.3,9
C0420,家居园艺,中型卖家,旗舰版,44,15840,2022-03-05,2025-11-28,陈璐,healthy,待续约,76.1,关注,431,39,44,13,12.3,4.6,9
C0421,美妆个护,小微卖家,基础版,12,1440,2023-03-25,2025-10-28,周衡,gradual_decline,待续约,38.9,高风险,13,3,12,1,23.8,2.8,2
C0422,家居园艺,中型卖家,专业版,47,10340,2023-11-03,2025-09-28,苏芮,healthy,待续约,74.5,关注,481,39,47,9,7.5,4.7,9
C0423,母婴玩具,小微卖家,专业版,17,3740,2023-08-22,2025-10-15,苏芮,healthy,待续约,83.0,健康,172,13,17,1,6.0,4.8,9
C0424,服饰鞋包,中型卖家,基础版,39,4680,2023-04-06,2025-09-20,陈璐,healthy,待续约,68.2,关注,392,28,39,9,4.0,4.3,9
C0425,母婴玩具,大卖/品牌方,旗舰版,98,35280,2022-06-11,2025-09-20,黄炬,healthy,待续约,71.2,关注,525,76,98,13,6.2,4.5,8
C0426,3C电子,小微卖家,旗舰版,17,6120,2023-09-12,2025-11-28,林一,healthy,待续约,83.3,健康,158,13,17,3,7.8,3.9,9
C0427,母婴玩具,中型卖家,专业版,35,7700,2023-04-02,2025-12-28,陈璐,healthy,待续约,75.3,关注,416,29,35,8,11.4,4.2,9
C0428,3C电子,中型卖家,旗舰版,22,7920,2022-08-11,2025-10-28,黄炬,healthy,待续约,81.2,健康,188,16,22,3,8.8,4.0,9
C0429,母婴玩具,小微卖家,专业版,7,1540,2023-04-19,2025-12-28,林一,healthy,待续约,79.6,关注,46,5,7,2,9.3,3.7,9
C0430,家居园艺,中型卖家,专业版,30,6600,2022-11-16,2025-11-28,周衡,healthy,待续约,77.9,关注,314,22,30,7,5.6,5.0,9
C0431,户外运动,中型卖家,基础版,26,3120,2022-05-24,2025-10-28,黄炬,healthy,待续约,83.5,健康,289,21,26,2,5.4,4.5,9
C0432,3C电子,小微卖家,专业版,5,1100,2022-10-28,2025-11-28,周衡,healthy,待续约,81.5,健康,46,4,5,1,12.6,4.8,8
C0433,3C电子,中型卖家,专业版,38,8360,2022-03-25,2025-11-20,林一,healthy,待续约,84.1,健康,293,30,38,8,11.4,4.2,9
C0434,母婴玩具,小微卖家,专业版,17,3740,2022-11-21,2025-10-15,林一,healthy,待续约,83.7,健康,210,14,17,3,10.0,4.7,9
C0435,3C电子,中型卖家,基础版,28,3360,2024-05-01,2025-09-28,苏芮,healthy,待续约,79.3,关注,150,19,28,3,8.4,3.7,9
C0436,母婴玩具,小微卖家,旗舰版,11,3960,2023-12-19,2025-12-20,周衡,healthy,待续约,78.1,关注,88,8,11,0,0.0,,9
C0437,美妆个护,中型卖家,专业版,47,10340,2023-11-07,2025-12-15,林一,healthy,待续约,69.9,关注,474,36,47,6,4.0,4.7,9
C0438,服饰鞋包,小微卖家,旗舰版,12,4320,2023-02-05,2025-09-15,林一,healthy,待续约,85.4,健康,79,10,12,1,19.7,4.3,9
C0439,工业品,小微卖家,专业版,17,3740,2022-07-16,2025-12-28,林一,gradual_decline,待续约,37.6,高风险,27,4,17,3,8.5,3.0,2
C0440,户外运动,小微卖家,专业版,13,2860,2023-04-08,2025-09-28,周衡,healthy,待续约,83.6,健康,136,11,13,2,10.5,4.3,9
C0441,3C电子,小微卖家,专业版,7,1540,2022-07-18,2025-10-28,陈璐,healthy,待续约,78.9,关注,70,5,7,0,0.0,,9
C0442,美妆个护,中型卖家,专业版,43,9460,2024-04-21,2025-10-28,周衡,healthy,待续约,84.0,健康,426,35,43,0,0.0,,9
C0443,3C电子,中型卖家,旗舰版,53,19080,2023-12-29,2025-12-28,周衡,ticket_storm,待续约,51.7,高风险,217,26,53,17,58.3,2.5,8
C0444,美妆个护,小微卖家,专业版,16,3520,2023-11-25,2025-10-20,林一,healthy,待续约,79.1,关注,92,11,16,1,9.0,4.8,9
C0445,3C电子,中型卖家,基础版,39,4680,2022-09-07,2025-09-15,陈璐,healthy,待续约,79.2,关注,276,29,39,6,12.5,4.5,9
C0446,户外运动,小微卖家,基础版,5,600,2022-02-10,2025-09-20,陈璐,sudden_churn,待续约,21.4,高风险,0,0,5,0,0.0,,1
C0447,3C电子,小微卖家,专业版,15,3300,2023-04-15,2025-10-15,周衡,healthy,待续约,80.0,健康,89,11,15,2,14.2,4.5,9
C0448,服饰鞋包,大卖/品牌方,基础版,127,15240,2023-09-04,2025-11-28,黄炬,healthy,待续约,74.5,关注,1615,97,127,9,15.8,4.5,9
C0449,工业品,中型卖家,专业版,58,12760,2022-08-09,2025-09-20,黄炬,healthy,待续约,71.8,关注,691,46,58,6,9.0,4.3,9
C0450,户外运动,小微卖家,专业版,13,2860,2023-02-21,2025-09-20,苏芮,healthy,待续约,83.4,健康,75,10,13,0,0.0,,9
C0451,美妆个护,中型卖家,基础版,47,5640,2023-04-16,2025-10-15,林一,healthy,待续约,71.4,关注,293,35,47,4,6.4,,8
C0452,户外运动,小微卖家,基础版,16,1920,2022-08-09,2025-12-28,陈璐,ticket_storm,待续约,59.2,高风险,92,8,16,8,30.1,2.2,8
C0453,服饰鞋包,小微卖家,专业版,13,2860,2023-10-10,2025-10-15,陈璐,healthy,待续约,77.8,关注,100,9,13,0,0.0,,9
C0454,服饰鞋包,中型卖家,基础版,41,4920,2023-11-14,2025-10-20,周衡,healthy,待续约,73.1,关注,256,31,41,8,10.3,4.4,9
C0455,服饰鞋包,中型卖家,专业版,46,10120,2024-05-31,2025-10-15,周衡,gradual_decline,待续约,31.3,高风险,68,13,46,12,8.7,3.1,2
C0456,服饰鞋包,小微卖家,基础版,17,2040,2022-04-22,2025-12-28,苏芮,healthy,待续约,81.2,健康,176,14,17,3,16.7,4.6,9
C0457,汽摩配件,小微卖家,专业版,13,2860,2024-03-12,2025-10-28,林一,healthy,待续约,81.8,健康,134,11,13,0,0.0,,9
C0458,服饰鞋包,小微卖家,基础版,6,720,2022-09-05,2025-09-28,陈璐,healthy,待续约,84.4,健康,60,5,6,2,13.1,4.1,9
C0459,3C电子,小微卖家,基础版,12,1440,2022-10-11,2025-11-28,陈璐,healthy,待续约,79.9,关注,96,9,12,2,12.8,4.4,9
C0460,家居园艺,小微卖家,基础版,12,1440,2024-04-27,2025-10-28,苏芮,healthy,待续约,85.3,健康,146,10,12,0,0.0,,9
C0461,3C电子,大卖/品牌方,专业版,72,15840,2023-08-04,2025-11-28,黄炬,gradual_decline,待续约,33.0,高风险,151,22,72,24,6.8,,2
C0462,3C电子,大卖/品牌方,基础版,146,17520,2023-07-15,2025-11-28,林一,healthy,待续约,74.7,关注,1425,118,146,20,4.4,4.2,9
C0463,汽摩配件,小微卖家,旗舰版,10,3600,2023-03-10,2025-10-15,苏芮,healthy,待续约,83.2,健康,82,8,10,1,7.8,4.6,8
C0464,工业品,小微卖家,旗舰版,10,3600,2023-05-27,2025-11-15,黄炬,healthy,待续约,82.6,健康,98,9,10,1,17.9,4.0,9
C0465,家居园艺,中型卖家,专业版,25,5500,2022-10-25,2025-09-20,陈璐,healthy,待续约,84.1,健康,219,20,25,2,17.0,4.4,9
C0466,母婴玩具,小微卖家,专业版,16,3520,2024-06-18,2025-11-28,黄炬,gradual_decline,待续约,40.9,高风险,22,5,16,8,7.0,3.2,2
C0467,美妆个护,小微卖家,专业版,7,1540,2022-08-18,2025-11-28,周衡,healthy,待续约,76.3,关注,42,5,7,2,16.5,3.9,9
C0468,服饰鞋包,中型卖家,专业版,43,9460,2022-07-06,2025-12-28,苏芮,healthy,待续约,81.6,健康,379,33,43,5,16.7,3.9,9
C0469,美妆个护,中型卖家,基础版,55,6600,2023-10-03,2025-09-20,陈璐,healthy,待续约,70.6,关注,487,37,55,14,11.9,,9
C0470,3C电子,大卖/品牌方,基础版,73,8760,2024-01-04,2025-12-28,苏芮,healthy,待续约,68.7,关注,595,54,73,5,3.4,4.4,9
C0471,服饰鞋包,小微卖家,专业版,9,1980,2022-01-19,2025-12-15,黄炬,gradual_decline,待续约,41.1,高风险,23,3,9,1,6.2,3.0,2
C0472,3C电子,中型卖家,基础版,38,4560,2024-04-02,2025-12-28,林一,healthy,待续约,74.8,关注,408,32,38,7,4.6,,9
C0473,3C电子,小微卖家,基础版,10,1200,2023-09-05,2025-12-28,苏芮,healthy,待续约,84.0,健康,88,8,10,2,20.8,4.3,9
C0474,工业品,小微卖家,专业版,6,1320,2022-08-20,2025-12-28,陈璐,healthy,待续约,82.3,健康,81,5,6,0,0.0,,9
C0475,服饰鞋包,中型卖家,基础版,32,3840,2022-08-18,2025-10-28,苏芮,healthy,待续约,66.8,关注,312,23,32,7,11.8,4.8,9
C0476,3C电子,大卖/品牌方,专业版,100,22000,2024-01-08,2025-09-15,苏芮,healthy,待续约,68.4,关注,516,70,100,19,10.5,4.4,9
C0477,户外运动,大卖/品牌方,专业版,131,28820,2024-01-17,2025-10-15,林一,healthy,待续约,68.2,关注,720,95,131,10,4.9,4.3,9
C0478,美妆个护,小微卖家,基础版,12,1440,2022-02-24,2025-12-28,黄炬,healthy,待续约,76.7,关注,110,9,12,1,11.5,,8
C0479,美妆个护,中型卖家,专业版,26,5720,2022-05-07,2025-10-20,周衡,healthy,待续约,68.4,关注,226,19,26,0,0.0,,9
C0480,家居园艺,中型卖家,专业版,25,5500,2022-07-09,2025-12-20,苏芮,sudden_churn,待续约,20.7,高风险,0,0,25,2,31.5,2.3,1
C0481,母婴玩具,中型卖家,基础版,23,2760,2022-09-10,2025-11-28,林一,healthy,待续约,72.4,关注,242,17,23,0,0.0,,9
C0482,户外运动,中型卖家,基础版,33,3960,2022-03-13,2025-12-15,陈璐,login_cliff,待续约,22.6,高风险,25,5,33,17,9.4,2.7,4
C0483,汽摩配件,中型卖家,专业版,31,6820,2023-04-21,2025-10-20,苏芮,healthy,待续约,74.1,关注,280,25,31,7,18.7,4.3,9
C0484,汽摩配件,小微卖家,基础版,11,1320,2022-07-31,2025-10-28,陈璐,healthy,待续约,79.7,关注,91,8,11,0,0.0,,9
C0485,家居园艺,中型卖家,基础版,49,5880,2023-01-09,2025-09-28,陈璐,healthy,待续约,73.2,关注,334,38,49,8,11.1,4.6,8
C0486,母婴玩具,中型卖家,基础版,38,4560,2023-12-12,2025-10-28,陈璐,healthy,待续约,80.8,健康,347,27,38,2,3.6,4.3,9
C0487,服饰鞋包,大卖/品牌方,专业版,85,18700,2023-10-08,2025-11-20,林一,healthy,待续约,75.4,关注,986,72,85,6,6.5,,9
C0488,3C电子,中型卖家,基础版,29,3480,2024-04-11,2025-11-15,周衡,healthy,待续约,82.2,健康,214,21,29,3,7.2,4.0,9
C0489,户外运动,大卖/品牌方,专业版,104,22880,2022-10-11,2025-11-15,黄炬,healthy,待续约,67.5,关注,947,73,104,4,8.6,4.6,8
C0490,服饰鞋包,大卖/品牌方,基础版,142,17040,2023-08-07,2025-09-15,苏芮,ticket_storm,待续约,50.4,高风险,638,71,142,88,23.5,2.2,8
C0491,家居园艺,中型卖家,基础版,44,5280,2024-01-30,2025-09-28,陈璐,gradual_decline,待续约,39.9,高风险,45,11,44,4,10.4,3.2,2
C0492,美妆个护,小微卖家,基础版,7,840,2024-03-05,2025-10-28,林一,recovered,待续约,82.2,健康,67,6,7,2,13.5,4.7,7
C0493,服饰鞋包,小微卖家,专业版,11,2420,2022-03-01,2025-10-28,林一,healthy,待续约,82.8,健康,98,9,11,2,9.9,4.6,9
C0494,工业品,中型卖家,专业版,23,5060,2024-02-22,2025-09-20,苏芮,healthy,待续约,79.6,关注,184,16,23,0,0.0,,9
C0495,美妆个护,中型卖家,基础版,33,3960,2022-08-03,2025-09-28,林一,healthy,待续约,72.8,关注,261,26,33,6,6.3,4.3,9
C0496,美妆个护,中型卖家,专业版,41,9020,2022-10-12,2025-12-28,周衡,healthy,待续约,77.9,关注,246,30,41,8,5.0,4.2,9
C0497,家居园艺,大卖/品牌方,旗舰版,105,37800,2022-06-02,2025-12-28,黄炬,healthy,待续约,73.7,关注,1130,92,105,10,5.0,4.4,9
C0498,工业品,中型卖家,基础版,30,3600,2022-03-17,2025-10-28,苏芮,gradual_decline,待续约,32.9,高风险,72,10,30,5,10.1,2.9,2
C0499,3C电子,大卖/品牌方,基础版,85,10200,2022-02-18,2025-12-15,苏芮,gradual_decline,待续约,31.4,高风险,172,25,85,23,16.5,3.3,2
C0500,美妆个护,中型卖家,基础版,48,5760,2023-08-05,2025-10-28,林一,healthy,待续约,69.6,关注,377,34,48,11,21.5,,9
