rank,topic,top_words,volume,neg_ratio,low_sentiment_ratio,avg_rating,avg_sentiment,evidence,evidence_source
1,多平台库存/超卖,库存、超卖、可用、仓库、同步、可售、结束、一到,104,61.5,83.7,2.31,0.163,"['库存同步延迟太离谱，仓库出完货前台还挂着，大家注意避坑', '求助，TikTok和Lazada共用一个仓库库存，两边对不上只能手动分，差评警告']","['小红书', '小红书']"
2,系统稳定性,卡顿、服务器、接受、希望、转圈、导出、bug、缓存,31,61.3,77.4,2.0,0.168,"['系统三天两头卡顿，订单工作台转圈半天才打开，大家注意避坑', '用了大半年，系统三天两头卡顿，订单工作台转圈半天才打开，老板已经在问我了']","['App Store', 'App Store']"
3,价格与收费,年费、收费、席位、自动化、人力、回本、运营、临时,52,59.6,61.5,2.46,0.331,"['真的服了，报价不透明，销售一个价合同一个价，各种隐藏费用，半夜还在手动补 有没有同款情况的卖家服了', '吐槽一下，报价不透明，销售一个价合同一个价，各种隐藏费用，买家天天催发货，大家注意避坑']","['App Store', '小红书']"
4,上手与培训,培训、没有、录播、新手、改期、自学、过去、期挺,31,58.1,58.1,2.52,0.383,"['第一步店铺授权就卡住，操作指引和实际页面对不上，光这个每月损失不少钱，大家注意避坑', '求助，帮助中心像产品说明书，没有实操案例看完还是不会，买家天天催发货 有没有同款情况的卖家']","['App Store', '小米应用商店']"
5,财务对账,利润、对账、成本、财务、利润报表、广告费、数据、头程,37,56.8,81.1,2.51,0.143,"['小卖家一枚，月结账单导出来格式乱七八糟，还要二次整理，大促根本不敢放量，大家注意避坑', '小卖家一枚，多店铺成本混在一起，想算单店利润得自己拼数据，差评警告，大家注意避坑']","['华为应用市场', '小红书']"
6,刊登与商品,刊登、重新、listing、监控、退回、类目、一键、批量,39,56.4,87.2,2.33,0.141,"['真的服了，eBay类目对不上，刊登被退回说属性缺失，半夜还在手动补，老板已经在问我了服了', '客观说一句，Listing监控形同虚设，跟卖提醒一点不准 有没有同款情况的卖家']","['小红书', 'App Store']"
7,订单同步与处理,订单、同步、过来、端查、方便、出差、数据、漏单,107,56.1,94.4,2.53,0.072,"['说实话，取消的订单不同步，仓库照发，货发了钱也退了！！！', '旺季实测，取消的订单不同步，仓库照发，货发了钱也退了，大促根本不敢放量 有没有同款情况的卖家']","['App Store', '知乎']"
8,物流同步与回传,物流、发货、物流轨迹、打单、批量、回传失败、轨迹、单打,125,52.0,84.0,2.71,0.165,"['老用户说句公道话，物流超时预警根本不触发，等买家投诉才知道包裹卡了', '说实话，ERP显示已发货，Lazada后台还是待发货，单号丢了三单，买家天天催发货']","['小红书', 'App Store']"
9,客服与工单,客服、工单、提交、响应、够用、人理、免费版、福音,52,40.4,96.2,3.13,0.049,"['客观说一句，报错了找客服来回踢皮球，好几天没解决', '老用户说句公道话，报错了找客服来回踢皮球，半天没解决！！！']","['App Store', '华为应用市场']"
